<?xml version="1.0" encoding="UTF-8" standalone="no"?>
<autoUpdater>
   <directory name="packs">
      <directory name="adventurer">
         <directory name="cackling">
            <file name="84606__Robinhood76__01384_woman_insane_laughter_5.mp3" sha1="ca00e7b07d2de4e92dd8bb89d9fe56f4a2e16f49" size="60889"/>
            <file name="84746__Robinhood76__01385_witch_cackle_3_natural.mp3" sha1="2529896aa9f46bb9fae821ef6782029283e47ce9" size="75099"/>
            <file name="Mixed.ogg" sha1="7a650b1acee1512513ea667b0b9074312675280a" size="817856"/>
         </directory>
         <directory name="foodanddrink">
            <file name="20264__koops__apple-crunch-01.mp3" sha1="8a4eb0f616c2847abd32fe052e41d62120b25e60" size="7381"/>
            <file name="20268__koops__apple-crunch-05.mp3" sha1="ce50e5067194161b285f9fbaaa20b41b0735222d" size="7381"/>
            <file name="20279__koops__apple-crunch-16.mp3" sha1="a4fb6f49c5ef0de15cd3da354c4893d521f7171d" size="11978"/>
            <file name="58847__morgantj__slurping-then-an-ah.mp3" sha1="06522e6666231bc75f93a76cc2f62c44ecb65f6d" size="199680"/>
         </directory>
         <directory name="night">
            <file name="42917__inchadney__Owl.mp3" sha1="51578ab78b3a8ee91b40152983b5da6c33efe43c" size="180840"/>
            <file name="51690__inchadney__Owls.mp3" sha1="2df904013cafa09b5751f12ab08e133bac643648" size="115638"/>
         </directory>
         <directory name="uneasy">
            <file name="8895__patchen__scrapes_05.mp3" sha1="0a3077b62ebeb4022ea91f2a927779b1d772028b" size="329378"/>
            <file name="8913__patchen__scrapes_24.mp3" sha1="11f10fea410334b513950914a079a95e72f86f13" size="144290"/>
            <file name="8915__patchen__scrapes_26.mp3" sha1="3c36953345b55b336ef2cd7b09e3d97d4e864aaf" size="75554"/>
            <file name="8919__patchen__scrapes_30.mp3" sha1="11d291f55acb0549768730f51affed48ae7ee35f" size="69410"/>
         </directory>
         <file name="actions.xml" sha1="223d3378a130f8d629dc763c6ba677a8d061112b" size="8559"/>
         <file name="adventurer.xml" sha1="0c89d7c9aa2dd4830ba511eaede2c64ecd70178c" size="4437"/>
         <file name="ambush.xml" sha1="bc4a2a9c2dfd6350d28a55187adef00e6c17d4f8" size="4267"/>
         <file name="animal_behavior.xml" sha1="6d577d5b63cc6ebd88970f6fb85487c3eddd4e94" size="2346"/>
         <file name="combat_actions.xml" sha1="b17223c0496571ebe6578235aefaefbe474200dc" size="2578"/>
         <file name="enviroment.xml" sha1="c309b82238bc37a9ba5b47827787e1faa9b8e6db" size="475"/>
      </directory>
      <directory name="animals">
         <directory name="beekeeping">
            <file name="99955__CGEffex__Bumble_bee_long_1.mp3" sha1="d3811cd9f8a4dcb2a0a56f90e4c7bcc63c65de48" size="44090"/>
            <file name="99955__CGEffex__Bumble_bee_long_2.mp3" sha1="26faa247b716162978396fb0877fa83d9795ca2b" size="77109"/>
            <file name="99955__CGEffex__Bumble_bee_long_3.mp3" sha1="08b6b74addf1681490665d037c0148e6688cae55" size="60391"/>
            <file name="99955__CGEffex__Bumble_bee_long_4.mp3" sha1="a9940945b6011bc4f21be69c1f804c707787453b" size="80871"/>
            <file name="beekeeping.xml" sha1="c51a44e0fc993ba1a21c03f26dd4364df7206bc7" size="908"/>
         </directory>
         <directory name="cat">
            <file name="18272__zippi1__sound_meow3.mp3" sha1="33b1e8254bbc72a3854d3b3993bc546f9b7cfa3d" size="51614"/>
            <file name="24966__mich3d__CatPurring_01.mp3" sha1="db52a85839a60eecf1d3a11698ac15737b45b7e5" size="186798"/>
            <file name="33657__Corsica_S__Meow.mp3" sha1="6c3f44b3ef64108643ac99ff6032ea493631d9e1" size="66660"/>
            <file name="4913__NoiseCollector__cat1.mp3" sha1="d14e73658ea30fc042de367e646c6adbde7678c4" size="13997"/>
         </directory>
         <directory name="chicken">
            <file name="43381__agfx__rooster-chicken-calls-1.mp3" sha1="c5c3181444a1b4948f2549484cf412ee376181eb" size="44750"/>
            <file name="43382__agfx__rooster-chicken-calls-2.mp3" sha1="1921c23074d8f958a22e271be0323b25027bc341" size="45134"/>
         </directory>
         <directory name="dog">
            <file name="24965__mich3d__BigDogBarking_02.mp3" sha1="dcfefaa9d96c77270a283cc8940bb3245fc02daf" size="61262"/>
            <file name="34872__Sruddi1__BARK1.mp3" sha1="76849037213e60449084c3bd04f202c6c41f5e72" size="37821"/>
            <file name="86279__Tito_Lahaye__6_week_beagle_bark.mp3" sha1="3c43fcee32f7aa9ca3ac356854e3fcb3902fe5d2" size="64152"/>
         </directory>
         <directory name="guineafowl">
            <file name="male_1.mp3" sha1="2e49f9aad1e919731d5ed5dccfa29d9e4fb3ddac" size="41583"/>
            <file name="male_2.mp3" sha1="183e893060172f30dbe5bb23318a8c1cfb8fe393" size="23610"/>
            <file name="nest_call_1.mp3" sha1="2d7c5e5c16723180e77227dd8c1993cea8bf2688" size="56179"/>
            <file name="nest_call_2.mp3" sha1="7629ea6f952cfdd53c04766123fd9d27bb80b487" size="83796"/>
         </directory>
         <directory name="pig">
            <file name="44271__erdie__pig02.mp3" sha1="b28e43a3036b4d380017758c658866c206e7d606" size="16087"/>
            <file name="44273__erdie__pig04.mp3" sha1="0367e0f749157b3740ff584840e49b624c370dbd" size="9818"/>
            <file name="44275__erdie__pig06.mp3" sha1="0b066195f5e025d76ead06ad9ed584d81d3bf452" size="17341"/>
         </directory>
         <directory name="rabbit">
            <file name="84141__dobroide__20091122-rabbit-carrot_1.mp3" sha1="ec959bcddeca951ed881ddc08ccc85f580cb68fd" size="38657"/>
            <file name="84141__dobroide__20091122-rabbit-carrot_2.mp3" sha1="8f46900e68b832884e8b0f66e6a8b0e7676d6ab8" size="43254"/>
            <file name="84141__dobroide__20091122-rabbit-carrot_3.mp3" sha1="f1319d2ba5eb079650d5777dba7e6ea1d116cdc2" size="31134"/>
         </directory>
         <directory name="sheep">
            <file name="baalamb3.mp3" sha1="ac9b4c13e03e87edfb945bf318ae6112b6a5a89c" size="7728"/>
            <file name="LambSound_4.mp3" sha1="fc6681e2e6ecbff6a9ccb58aed8adb03af41258b" size="10654"/>
            <file name="SheepSound_10.mp3" sha1="24c8904e411ac6dd1f8095c0fe771ab8d39a2f73" size="11907"/>
            <file name="SheepSound_5.mp3" sha1="a600bf9af9a230cd0c8fab0350533ed6b88c8c8f" size="11907"/>
         </directory>
         <directory name="training">
            <file name="80488__everdream__cmaj-direct.mp3" sha1="aee4b19beb7a59e926ab8c5c3f286d41f271a60b" size="81289"/>
            <file name="93100__cgeffex__whip-crack-01.mp3" sha1="cd76f87573154aa6a72beb7481379dd833944a48" size="19022"/>
         </directory>
         <directory name="turkey">
            <file name="67675__sinatra314__turkeygobble1.mp3" sha1="f0bdebe679ee0af4e95acad1fdbefe41ed22cb18" size="17759"/>
            <file name="Turkey Gobble-SoundBible.com-123256561.mp3" sha1="8ae69c5201dbbf784278fb9535e61b01ae5444f8" size="18971"/>
            <file name="Turkey Gobble-SoundBible.com-333537286.mp3" sha1="51697e809422cc60082eb57773f1862cfabf0acc" size="16099"/>
         </directory>
         <directory name="yak">
            <file name="yak_1.mp3" sha1="9d188a612730e3f7b6dd5cf93b31c2b148305568" size="29462"/>
            <file name="yak_2.mp3" sha1="d3520b2679b13f8fac48a260d8ede99782217da1" size="39911"/>
            <file name="yak_3.mp3" sha1="8747578d663ce6869b51cbbb71b1daa728d50df0" size="52449"/>
         </directory>
         <file name="16933__acclivity__Donkey.mp3" sha1="b6bd7d7626bc86486add2e8cf88a600081fd3290" size="101769"/>
         <file name="18229__dobroide__20060419horse.mp3" sha1="5f13c66f8171d9582dcfa6e7af7a6e98037d1f39" size="56211"/>
         <file name="19489__acclivity__Donkey3.mp3" sha1="3a5a9a16dcd1e5815d740ca7953c2d2db74ad75a" size="171986"/>
         <file name="57791__reinsamba__1192_cow_close.mp3" sha1="3e3f8a8d70dae29ec81f748194b194d23d070e3a" size="43754"/>
         <file name="58277__Benboncan__Cow.mp3" sha1="1f43599f4bd149a25e782e1d8aaddb72bf32b0fc" size="58301"/>
         <file name="59569__3bagbrew__horse.mp3" sha1="828f9acc2d53b626a001e789a230c38e17e23813" size="38863"/>
         <file name="alpaca.xml" sha1="b9e5c8b8462502b36565f0ba449479a72759e045" size="320"/>
         <file name="animals.xml" sha1="dc641464cd33c2537cbccf31887214cace3e4a65" size="2435"/>
         <file name="armadillo.xml" sha1="bbd2b866509fb68d6b8bb66b92b5dd9eff2463a6" size="232"/>
         <file name="buffalo.xml" sha1="66529e62e003fdb9e3e383a146cc57bce03352c7" size="264"/>
         <file name="bugbat.xml" sha1="702a7ca2501142345f09b5e2ced7c7277c64a62d" size="320"/>
         <file name="camelborn.mp3" sha1="905ea5b1525130052517d91bd17287a6a0f81fb4" size="60391"/>
         <file name="camelmature.mp3" sha1="b97aa6a81c1b373fc1a369da6101f0b3715a4aca" size="102605"/>
         <file name="cat.xml" sha1="b6c1e8bafd9984f984e25a7f4aac5bc316a8513c" size="1528"/>
         <file name="cavy.xml" sha1="4715cfc4cc453b68f9e0769d57d2c5af810012a4" size="388"/>
         <file name="chicken.xml" sha1="21ef2a9c033efee7b0c6f6a9bcacf086032ea81d" size="1028"/>
         <file name="dog.xml" sha1="336bb75a00a909fe46b01a553e314d9e856a4846" size="860"/>
         <file name="duck.xml" sha1="2e82c877f493a1094ac10bec89a448d3f5779aaf" size="233"/>
         <file name="goat.xml" sha1="e41810bc747f97996627df97ce42c40c9b725093" size="252"/>
         <file name="goose.xml" sha1="9c6f91d7bec8ffe35cc6b24422bc57518775e52c" size="313"/>
         <file name="guineafowl.xml" sha1="9669b675a81d998037572053943e833932584ec2" size="649"/>
         <file name="peafowl.xml" sha1="baa786d6e24a259b4395f9ce2a443ee1522d322b" size="279"/>
         <file name="pig.xml" sha1="511044aa6768bd92ce69c0028a22280a90cb4bfb" size="2115"/>
         <file name="rabbit.xml" sha1="ffceb518cb4ed5b59ef84adcbc9f3e99a220039b" size="1705"/>
         <file name="reindeer.xml" sha1="203051ca7829a0cab3c8556e86810b66aec96c89" size="181"/>
         <file name="sheep.xml" sha1="7203de975f32682634085406968c3df186f1ae1d" size="785"/>
         <file name="training.xml" sha1="b3b070c37d52aae6239d5532ff9491099e01a3bb" size="1275"/>
         <file name="turkey.xml" sha1="e632e38003b07863a3df5fa956a132af354848d9" size="1013"/>
         <file name="yak.xml" sha1="e933564dcb7989fdc181f1807f91a0f3e8c54d9b" size="1644"/>
      </directory>
      <directory name="battle">
         <directory name="blocked">
            <file name="blocked1.mp3" sha1="07b6310e59804c3c79cda29c7fcb69d6c08dad4c" size="14927"/>
            <file name="blocked2.mp3" sha1="192b48e7cdf580208eaf361b8e574485fb736761" size="16599"/>
            <file name="blocked3.mp3" sha1="0098319d588deb5a8a39c5b8c17a354cc704cac3" size="15763"/>
            <file name="blocked4.mp3" sha1="b1d8486b3f07f6cd409b6ab5253a2c5bfdaa4d49" size="14509"/>
            <file name="blocked5.mp3" sha1="1219656f718ddb81e33e53689dc12d06c309f439" size="9076"/>
         </directory>
         <directory name="breath">
            <file name="48662__sea-fury__monster.mp3" sha1="3bab5c2cd457599d8f85020f9b86f104e3d5f857" size="77945"/>
            <file name="66642__Robinhood76__00861_dragons_breath.mp3" sha1="4594ecdfb9462cd7e584045da6f4f3b6a47060fa" size="112636"/>
            <file name="94102__CGEffex__Fire_breathing_dragon.mp3" sha1="1a90424dc033c221a8549ecfb239f892f0a4e382" size="64609"/>
         </directory>
         <directory name="cavespider">
            <file name="84552__vegemyte__bug1-2.mp3" sha1="08bad75fbbb6a8917aedcc8fe4dce12ad8979a9f" size="24028"/>
            <file name="84553__vegemyte__bug1.mp3" sha1="d1b3ddd20ea0507f2aca0b3cb0c5a1074df384fe" size="24446"/>
         </directory>
         <directory name="dropitem">
            <file name="dropitem1.mp3" sha1="2c9dcd0f13c06656224d68f0305e9b8fc3bde9bb" size="14925"/>
            <file name="dropitem2.mp3" sha1="a149e47d8a0606bad7069357e8343a5253a560f6" size="9910"/>
            <file name="dropitem3.mp3" sha1="bdd3b90040d0f384b8f7bd90732fa97cfe862556" size="9912"/>
            <file name="dropitem4.mp3" sha1="f9697f7000d1dd8b06d266d54ba183af07ebb80d" size="9494"/>
            <file name="dropitem5.mp3" sha1="0f254d9780fb724b624b83e3f9a836d221b16616" size="9076"/>
            <file name="dropitem6.mp3" sha1="3f2271bccd4791690061f61468ea945217939990" size="8658"/>
            <file name="dropitem7.mp3" sha1="af4a4fdeb53795847450b71b2ad8f4b961736525" size="10328"/>
            <file name="dropitem8.mp3" sha1="4bae0ba32279b0f92b0eac0ae51093ec7ab9d419" size="8240"/>
            <file name="dropitem9.mp3" sha1="424ddd65a9409f710bf2530705095ac3aa4dc5ea" size="9494"/>
         </directory>
         <directory name="gore">
            <file name="bruise1.mp3" sha1="c39c3b3e9ab1922f566aa760c90c07285ea6b622" size="6147"/>
            <file name="bruise2.mp3" sha1="fa658b11929e93f28d2aa4117864cf866e6f355a" size="6747"/>
            <file name="bruise3.mp3" sha1="edee54e90580676ab8882cd57fb6865a08d1a630" size="5729"/>
            <file name="bruise4.mp3" sha1="cb2a18d1452594e594bbd14eab185b2e2217a5df" size="7920"/>
            <file name="bruise5.mp3" sha1="8a6d20d46a36dce3ef80a82fcf691e8d7d990f4c" size="7477"/>
            <file name="bruise6.mp3" sha1="1eaf23daff3150f19a2f527db25e3e9da3c8dc58" size="6981"/>
            <file name="chipbreak1.mp3" sha1="300fbf3c8dee3de7ab497d3b746916b80ef1749e" size="7659"/>
            <file name="chipbreak2.mp3" sha1="11ce37b0cb721a5294bc2c33861c4a74ff739391" size="8392"/>
            <file name="chipbreak3.mp3" sha1="7b837fea5cddc38a845a93acd0664628ec2e9226" size="7790"/>
            <file name="chipbreak4.mp3" sha1="dc69896c108491261e8f4d02615e284c43bc8ee7" size="5989"/>
            <file name="chipbreak5.mp3" sha1="5997f797e60e42262f0132689bb82ced10f0546a" size="6538"/>
            <file name="chipbreak6.mp3" sha1="5602057b6a52cdffbe4a49ac6bc4330aaea212e5" size="7687"/>
            <file name="glance1.mp3" sha1="6ffcbd769d48c771e69aaa24d929f9e054322d1d" size="11001"/>
            <file name="glance2.mp3" sha1="fe2b7653030f82436ae8b199849884d321b0bc0a" size="7738"/>
            <file name="glance3.mp3" sha1="00316b1958961a773f8c0c21a7b3b79e026b6e67" size="7294"/>
            <file name="glance4.mp3" sha1="1aaffe454b2d12788b5aa9f99d7a4174bed3e107" size="6094"/>
            <file name="glance5.mp3" sha1="23f58856f879eb9d517407f13e2846f6194d366e" size="6981"/>
            <file name="tearheavygore1.mp3" sha1="fff6bb02eb45a17358425081aec120524f79f617" size="9279"/>
            <file name="tearheavygore2.mp3" sha1="3f76baf12ac278bd6c29df3e9bb1b83fd797fab5" size="9251"/>
            <file name="tearheavygore3.mp3" sha1="daad29d4a01e13a09a55f3cb6aba53a9df6204f4" size="8678"/>
            <file name="tearheavygore4.mp3" sha1="5e5d443f3c2719540b3e1d35817c0b948c2fd2cd" size="7397"/>
            <file name="tearheavygore5.mp3" sha1="d88b1411c6a6c913ebc84c7ec314f93062c3a193" size="6902"/>
            <file name="tearheavygore6.mp3" sha1="4f2186e1dc9651e5a7267a55416114faf66fc763" size="8599"/>
            <file name="tearheavygore7.mp3" sha1="672c45495fbdaea04093c0d9cc41abefb80cf34a" size="8130"/>
            <file name="tearheavygore8.mp3" sha1="300fbf3c8dee3de7ab497d3b746916b80ef1749e" size="7659"/>
            <file name="tearheavygore9.mp3" sha1="4009263e576bf45325919e78873d722f45770c4b" size="8467"/>
         </directory>
         <directory name="hit">
            <directory name="bash">
               <file name="bash1.mp3" sha1="7b837fea5cddc38a845a93acd0664628ec2e9226" size="7790"/>
               <file name="bash10.mp3" sha1="fe2b7653030f82436ae8b199849884d321b0bc0a" size="7738"/>
               <file name="bash11.mp3" sha1="1d30478488a01dcbbc396f7ff56239b66357fb18" size="7529"/>
               <file name="bash12.mp3" sha1="00316b1958961a773f8c0c21a7b3b79e026b6e67" size="7294"/>
               <file name="bash2.mp3" sha1="6ffcbd769d48c771e69aaa24d929f9e054322d1d" size="11001"/>
               <file name="bash3.mp3" sha1="8a6d20d46a36dce3ef80a82fcf691e8d7d990f4c" size="7477"/>
               <file name="bash4.mp3" sha1="5c055cc6c9bcd8a0f54e65ecf538f22811864659" size="5598"/>
               <file name="bash5.mp3" sha1="8215f6f3937a6ff62156958c1494860170592384" size="7086"/>
               <file name="bash6.mp3" sha1="3c8ebc03c2b9e1ce9957a8925af36e9d13bfd497" size="5833"/>
               <file name="bash7.mp3" sha1="4223cd10f3e013f39b4b4663b45f50dd164e765d" size="6355"/>
               <file name="bash8.mp3" sha1="3085452dc2c00bddb073949794b2fcacac66f729" size="8600"/>
               <file name="bash9.mp3" sha1="b2193ee839ccd77acf63fdcf9347396e313b2c93" size="7920"/>
            </directory>
            <directory name="bite">
               <file name="bite1.mp3" sha1="680ea1338dfa4e40217b7af96c8daf8ad3f8bfcd" size="3724"/>
               <file name="bite2.mp3" sha1="060d86efa5525459ddcf6393dd200fd280c08b04" size="3152"/>
               <file name="bite3.mp3" sha1="a5ad7079aeb03157f6ef5091bdb1a7464496dae5" size="3464"/>
            </directory>
            <directory name="lash">
               <file name="lash1.mp3" sha1="5a03d0b0da0611d7bed5afb908c468af6f91690f" size="3672"/>
               <file name="lash2.mp3" sha1="0e5dd71a27059bfe12bb9fe03e18b1ae470d0eef" size="3438"/>
               <file name="lash3.mp3" sha1="f642a609a075183d5cb3673dd3396e93faf064dc" size="3384"/>
               <file name="lash4.mp3" sha1="7348efa346601939e9c2a0eb14ecf5b129326932" size="4218"/>
               <file name="lash5.mp3" sha1="c7048e8074eb31637111804503e0adaead5f800f" size="3514"/>
               <file name="lash6.mp3" sha1="5b2128cbdf20b200b7831e872881ecbc788017e4" size="3722"/>
               <file name="lash7.mp3" sha1="fd6a063f3ebf9bb3d1719786e394b74e479a1342" size="4612"/>
            </directory>
            <directory name="punch">
               <file name="punch1.mp3" sha1="8b80708855e94f5331005dea7b49d649547af28a" size="2682"/>
               <file name="punch2.mp3" sha1="d1e0236cda6b0c15dc1fb2f10f8852746fb451cc" size="3176"/>
               <file name="punch3.mp3" sha1="e4833bc42bc2dcdc9f1ced67903b67ef35f19807" size="2994"/>
               <file name="punch4.mp3" sha1="c9c8b0de4691e56251661186483e235ce53cc9e0" size="2372"/>
               <file name="punch5.mp3" sha1="28f26b44e8fb9517913340a889259b54dc0a3bc3" size="2658"/>
               <file name="punch6.mp3" sha1="94e19658ba2434e32a581e9a679a93a1c504a58e" size="2396"/>
               <file name="punch7.mp3" sha1="d76340bd0818a6975c261e5bbf3fb7b39637b577" size="2422"/>
            </directory>
            <directory name="push">
               <file name="push1.mp3" sha1="4675419bac30dddccc47f8cf519127c6b01c70bf" size="2292"/>
               <file name="push2.mp3" sha1="e4833bc42bc2dcdc9f1ced67903b67ef35f19807" size="2994"/>
               <file name="push3.mp3" sha1="4cd274f05f8d76c02eafa8645e298969e5c36234" size="2682"/>
               <file name="push4.mp3" sha1="d8bf15ba08b3b5f34d4cdfe194619ef398820cdc" size="2468"/>
               <file name="push5.mp3" sha1="c9c8b0de4691e56251661186483e235ce53cc9e0" size="2372"/>
               <file name="push6.mp3" sha1="28f26b44e8fb9517913340a889259b54dc0a3bc3" size="2658"/>
               <file name="push7.mp3" sha1="94e19658ba2434e32a581e9a679a93a1c504a58e" size="2396"/>
               <file name="push8.mp3" sha1="323e4805baf4ef3af86454369debedfb257b30f7" size="2942"/>
               <file name="push9.mp3" sha1="d76340bd0818a6975c261e5bbf3fb7b39637b577" size="2422"/>
            </directory>
            <directory name="ranged">
               <file name="arrowHit01.mp3" sha1="961bddaf58fd0c36f413736723f4e0fb3179e92f" size="2943"/>
               <file name="arrowHit02.mp3" sha1="f3314536549588e850c6c692ac6fdb14d40f90dc" size="2968"/>
               <file name="arrowHit03.mp3" sha1="e3969f6dba6bcd77800fe59ad1f9b87e64d5ffe3" size="2276"/>
               <file name="arrowHit04.mp3" sha1="66d11b6d95a87e132bb310afc33bbbb3ee4187d0" size="2624"/>
               <file name="arrowHit05.mp3" sha1="16c1278400e4b984759e50c5e8b32b67fea8a40b" size="3880"/>
               <file name="arrowHit06.mp3" sha1="d87c83ae3306dccaa82fc354b773a6304ae2b24d" size="2994"/>
               <file name="arrowHit07.mp3" sha1="d87c83ae3306dccaa82fc354b773a6304ae2b24d" size="2994"/>
               <file name="arrowHit08.mp3" sha1="3f3c025cb7be717efd79958e8ed542f89ccb3bf6" size="3405"/>
            </directory>
            <directory name="scratch">
               <file name="scratch1.mp3" sha1="e1be004b09c17f6d8646cf6873527c8bfa5b35e4" size="3723"/>
               <file name="scratch2.mp3" sha1="82726f5bc0d931f42a4db4d1883aee53769b0cad" size="3333"/>
               <file name="scratch3.mp3" sha1="1ef3f4c669e3b646cc53c404a5efeef4d8c0fa38" size="3827"/>
               <file name="scratch4.mp3" sha1="fd6a063f3ebf9bb3d1719786e394b74e479a1342" size="4612"/>
               <file name="scratch5.mp3" sha1="7348efa346601939e9c2a0eb14ecf5b129326932" size="4218"/>
               <file name="scratch6.mp3" sha1="c7048e8074eb31637111804503e0adaead5f800f" size="3514"/>
               <file name="scratch7.mp3" sha1="5b2128cbdf20b200b7831e872881ecbc788017e4" size="3722"/>
               <file name="scratch8.mp3" sha1="1d12f2cf0efa9e76b2fcc10dcc2b3a012e42aa39" size="4847"/>
            </directory>
            <directory name="slashhack">
               <file name="slashhack1.mp3" sha1="1d12f2cf0efa9e76b2fcc10dcc2b3a012e42aa39" size="4847"/>
               <file name="slashhack10.mp3" sha1="f84b3f5b18583b4d7d0786de09710a61cf4a9504" size="3281"/>
               <file name="slashhack11.mp3" sha1="7137debc805c0c14c2b6fde058b311d431817954" size="3645"/>
               <file name="slashhack12.mp3" sha1="7137debc805c0c14c2b6fde058b311d431817954" size="3645"/>
               <file name="slashhack13.mp3" sha1="76e8ebc41c585a3c147c547532680debff72dce9" size="3645"/>
               <file name="slashhack14.mp3" sha1="e1be004b09c17f6d8646cf6873527c8bfa5b35e4" size="3723"/>
               <file name="slashhack2.mp3" sha1="4b2c1bef1c7bb46bf7775a1cc276eaa95db4d77b" size="3488"/>
               <file name="slashhack3.mp3" sha1="cf729d977d8eb8ef195d935a0e3aa3c2df114c1c" size="3463"/>
               <file name="slashhack4.mp3" sha1="e583c403147566aef540e08c2914010866740c26" size="3437"/>
               <file name="slashhack5.mp3" sha1="fd6a063f3ebf9bb3d1719786e394b74e479a1342" size="4612"/>
               <file name="slashhack6.mp3" sha1="7348efa346601939e9c2a0eb14ecf5b129326932" size="4218"/>
               <file name="slashhack7.mp3" sha1="c7048e8074eb31637111804503e0adaead5f800f" size="3514"/>
               <file name="slashhack8.mp3" sha1="0e5dd71a27059bfe12bb9fe03e18b1ae470d0eef" size="3438"/>
               <file name="slashhack9.mp3" sha1="cb90807bf0e16997ccfc5ce36aaf7fcdba94afa8" size="3307"/>
            </directory>
            <directory name="stab">
               <file name="stab1.mp3" sha1="dd86d529329f48e8e96b22954955c9cd63a68e17" size="3880"/>
               <file name="stab10.mp3" sha1="d15163bc21436d9dc1dc896894169cf866fe5e10" size="3306"/>
               <file name="stab11.mp3" sha1="23708eab65721edbb8aaaef5c4101f196fde51a2" size="3671"/>
               <file name="stab12.mp3" sha1="7a585b7ae631cf078aa104aebc4f4c561a901bfc" size="3593"/>
               <file name="stab2.mp3" sha1="76208e9975a566def04343c7ba3210a21899c2b7" size="4191"/>
               <file name="stab3.mp3" sha1="06dda6bb469bdd2286ecc7b9f11cf05c4df59402" size="3098"/>
               <file name="stab4.mp3" sha1="22ef1dd0a7a9ce1494df6824b2aeafdceb00354e" size="3750"/>
               <file name="stab5.mp3" sha1="de8d38783d0065d56ad70eca609d11fb87133510" size="4452"/>
               <file name="stab6.mp3" sha1="f05713b5b00fe0fce4d1a473692be1a3972dfce8" size="3593"/>
               <file name="stab7.mp3" sha1="e78eb4427999d676e113b6c70a87f1ca8843aa38" size="4533"/>
               <file name="stab8.mp3" sha1="aa830b5a7ebad8d33ed86f37df3cad86b7c62299" size="2344"/>
               <file name="stab9.mp3" sha1="47d711fb47a63c031d3934d02028173fe8579203" size="2578"/>
            </directory>
            <directory name="strike">
               <file name="strike1.mp3" sha1="1784c7cce85c6f8ee6981ac76ea9cf8b4a960f65" size="3437"/>
               <file name="strike2.mp3" sha1="9d4d339f4c3e179638d1a09e67c628929d36aaa7" size="3228"/>
               <file name="strike3.mp3" sha1="972ae13965e839e981eb067a33e93e4070a0ac81" size="3254"/>
            </directory>
         </directory>
         <directory name="miss">
            <directory name="melee">
               <file name="mmiss1.mp3" sha1="a1fe4e0fcac5d63b625b5dded5a58a83685dd0af" size="3380"/>
               <file name="mmiss10.mp3" sha1="e8c5156d377d58a1251728922685269693c3693f" size="3043"/>
               <file name="mmiss2.mp3" sha1="34a6058e1d775c96498f95e3082eff77d29ec4a4" size="3901"/>
               <file name="mmiss3.mp3" sha1="2d371f2e1fe61a598bd9d690eaefb366171f2794" size="3924"/>
               <file name="mmiss4.mp3" sha1="7dc2b348cc7a58b959637aef258d37c15930b13e" size="3717"/>
               <file name="mmiss5.mp3" sha1="95019a225b5344f7aa1c5c7184ad891f2e17fc5f" size="4552"/>
               <file name="mmiss6.mp3" sha1="9de9e5ac5c332f19c4567ec31b45c6ecdb082492" size="4419"/>
               <file name="mmiss7.mp3" sha1="03fb029ed9c3d366ed785c4016f4b6944a31ac53" size="3564"/>
               <file name="mmiss8.mp3" sha1="46ac27ec158fa6fd84a0541bc8014cccd54a5337" size="3069"/>
               <file name="mmiss9.mp3" sha1="a712e612e8d0e4aa5c1f07e0875504b2eb7c23db" size="2523"/>
               <file name="swingmiss1.mp3" sha1="a64c7de21b02cbe73a4416e2648900dc7c091e66" size="6662"/>
               <file name="swingmiss2.mp3" sha1="d5851f71b416a77727d3928d63fffe2378af6e0f" size="6166"/>
               <file name="swingmiss3.mp3" sha1="0c8f31287f63f9e522bdd6c8ea2925a9c0d292ed" size="6503"/>
               <file name="swingmiss4.mp3" sha1="52d6d26cbf93dce56703bf7ce47776b968c51185" size="6660"/>
               <file name="swingmiss5.mp3" sha1="e24b8f8de4e18ba8c3adce5e25945bea9d14414b" size="7642"/>
            </directory>
            <directory name="ranged">
               <file name="ranged1.mp3" sha1="d4495e537741502fbbecc416aadfb72af2ce22d3" size="2549"/>
               <file name="ranged2.mp3" sha1="9e3c70cd8c7810198b98f6aa91c3a3a6a648f8f1" size="2652"/>
               <file name="ranged3.mp3" sha1="dee87c65aec79eb7e6eddba4f25eb7f222e49cee" size="2730"/>
               <file name="ranged4.mp3" sha1="cf53f4caab1f25d98633e6a24baa7a1fc13b2e91" size="3150"/>
               <file name="ranged5.mp3" sha1="888d6d9da7c89992bca03183e5cb5e2e43667e89" size="3202"/>
               <file name="ranged6.mp3" sha1="eb1505e5a0a2c61a3579f893c8361ed50874cc91" size="3046"/>
            </directory>
         </directory>
         <directory name="movement">
            <file name="28301__HerbertBoland__HeavySkirtMovement.mp3" sha1="403a42ceabcbee65817488b6f1a766df04934637" size="25700"/>
            <file name="28301__HerbertBoland__HeavySkirtMovement2.mp3" sha1="89ae27f92ce276e95f0348ca8e876be5ea62729f" size="25700"/>
            <file name="28301__HerbertBoland__HeavySkirtMovement3.mp3" sha1="26e618c9ffa09bcbf4d21ea9268d6c60aa61d864" size="28626"/>
            <file name="28301__HerbertBoland__HeavySkirtMovement4.mp3" sha1="5f885aac380399d3b265335444183eb502741413" size="30298"/>
            <file name="28301__HerbertBoland__HeavySkirtMovement5.mp3" sha1="0be6c9d3f9fa18b8b187d4c398d5d6df57f27dfa" size="19849"/>
         </directory>
         <directory name="sick">
            <file name="43481__jppi_Stu__SW_Cough.mp3" sha1="cfa89bba967b73a4b540bfbdc7233029554fc698" size="14030"/>
            <file name="52323__stephsinger22__coughing.mp3" sha1="9d8e22516057ead599d6ba8b876d36eea4100829" size="49942"/>
            <file name="63102__Robinhood76__00553_coughing_man_2.mp3" sha1="26e6a567ddcd402136c789c257886fb549a25766" size="14415"/>
         </directory>
         <directory name="UnitSurprised">
            <file name="UnitSurprised1.mp3" sha1="e15d7a14e6e04079a5c6dbd3428088377328eb5c" size="5664"/>
            <file name="UnitSurprised10.mp3" sha1="be99407afc73f1cf0386400f8effcb6a27e308a1" size="11934"/>
            <file name="UnitSurprised11.mp3" sha1="1073c64daf0275d7fc746963ef8f3843826d70ad" size="7336"/>
            <file name="UnitSurprised12.mp3" sha1="949fb3bd4cedeaec9f9e923d9001fd7bd788a1c0" size="8590"/>
            <file name="UnitSurprised2.mp3" sha1="50c1d4f949450818a41c2311ac403ed5b46c9108" size="6500"/>
            <file name="UnitSurprised3.mp3" sha1="1c70f2b8b4e49f9a41d2e4f80cd1e2f3295ed9b5" size="6918"/>
            <file name="UnitSurprised4.mp3" sha1="64c304a9b727fb5d0d74a3882a43d3285d068892" size="8590"/>
            <file name="UnitSurprised5.mp3" sha1="af3194c4245e2c6431bac7bdf7af2b6b80a2de8c" size="9426"/>
            <file name="UnitSurprised6.mp3" sha1="32a89cb5b93df2aa3d525d48f16cad20c1235392" size="7754"/>
            <file name="UnitSurprised7.mp3" sha1="3748c0678007ae7252bc1c15d22008506df7f116" size="7754"/>
            <file name="UnitSurprised8.mp3" sha1="fe7d4026b8dbe59e28450015d876063f89bbf25a" size="5664"/>
            <file name="UnitSurprised9.mp3" sha1="def1ecde834e7de6b12c9c882eb5edc47728b4ec" size="7336"/>
         </directory>
         <directory name="vocals">
            <directory name="goblin">
               <file name="cantbreath1.mp3" sha1="f08677b683788420eda39255476e10d100af0fca" size="24708"/>
               <file name="cantbreath2.mp3" sha1="c8c55b0d8d8dd51c93c3eb02aa55048e2df3f879" size="7310"/>
               <file name="cantbreath3.mp3" sha1="c8c55b0d8d8dd51c93c3eb02aa55048e2df3f879" size="7310"/>
               <file name="dead1.mp3" sha1="6ad27880727c83b5401e4f8fd97bc17959c43925" size="11992"/>
               <file name="dead2.mp3" sha1="ab02afa71704258376d14035f3a4d9269ef6f485" size="9470"/>
               <file name="dead3.mp3" sha1="2ddcbdb17238c26abab1c6a71288352c5a630bdb" size="13527"/>
               <file name="enraged1.mp3" sha1="673b23c248908373248c8b7671d260a935b28f95" size="17609"/>
               <file name="enraged2.mp3" sha1="99440b6c8df86da5066d223e5f9641a17ca19cdf" size="9729"/>
               <file name="enraged3.mp3" sha1="921a8069901ba8f1abec5b9785d5156e8bd7f97d" size="14040"/>
               <file name="enraged4.mp3" sha1="85e63661cb95422c89e015038c29c60b557d5942" size="29721"/>
               <file name="pain1.mp3" sha1="8909520b379af5bb6b9147b8aeb347659ba4c6ea" size="6761"/>
               <file name="pain2.mp3" sha1="ceea58416995a0f29e2c04e10b32e7421510846b" size="7647"/>
               <file name="pain3.mp3" sha1="518d73de6684b892d7fb5509eb609e3baa642e0f" size="10339"/>
               <file name="pain4.mp3" sha1="1e642a50fa0ee37f24f9719b4e5befe8138cc2e0" size="9289"/>
               <file name="pain5.mp3" sha1="1e642a50fa0ee37f24f9719b4e5befe8138cc2e0" size="9289"/>
               <file name="pain6.mp3" sha1="0af89979b0b2bd2c780ae5ee84b9527fa7430735" size="8013"/>
               <file name="uncon1.mp3" sha1="ab02afa71704258376d14035f3a4d9269ef6f485" size="9470"/>
               <file name="uncon2.mp3" sha1="518d73de6684b892d7fb5509eb609e3baa642e0f" size="10339"/>
               <file name="uncon3.mp3" sha1="1e642a50fa0ee37f24f9719b4e5befe8138cc2e0" size="9289"/>
            </directory>
            <directory name="troll">
               <file name="dead1.mp3" sha1="24ccf87b84359e9325b293aaab15a9345f46a990" size="11069"/>
               <file name="enraged1.mp3" sha1="18498bc81e7ce1c518a64a4e8cf714b85e2e303f" size="8428"/>
               <file name="enraged2.mp3" sha1="cae51ddacfafc7ce275de86ba0137f93a26d7f66" size="7050"/>
               <file name="hitpain1.mp3" sha1="30ecd63a789afc4d535e83dbfd14d8e6deb0dbc5" size="7157"/>
               <file name="hitpain2.mp3" sha1="6a441a4147215bec9636d0a704bcc72922cb1f49" size="9210"/>
               <file name="pain1.mp3" sha1="a94b451dfebbeb350e48133eeff7cf2eb57427ec" size="6192"/>
               <file name="pain2.mp3" sha1="2e0195bfab56420a6e11bcea2fcf2a2a41d56129" size="6478"/>
               <file name="uncon1.mp3" sha1="e820093216fe61f6147ca677671e559deb0ed8f9" size="10816"/>
               <file name="uncon2.mp3" sha1="0f2c09eede757c72c627c496aeacf1fc55333baf" size="8060"/>
            </directory>
         </directory>
         <directory name="vomit">
            <file name="13652__Koops__Sick_In_Toilet_01.mp3" sha1="54c63494a1aae8b628203ae9c44520e4e9e3e8c9" size="30369"/>
            <file name="13652__Koops__Sick_In_Toilet_02.mp3" sha1="fd9a1c8bc8644352c8cbfc86045616de72a07ab6" size="17830"/>
            <file name="13652__Koops__Sick_In_Toilet_03.mp3" sha1="c6d84a1822d3306ea0ff93cc48a44171d5fac926" size="29533"/>
            <file name="13652__Koops__Sick_In_Toilet_04.mp3" sha1="5b6887dea459c6710daf660bbff9f6cffce789bf" size="27861"/>
            <file name="13652__Koops__Sick_In_Toilet_05.mp3" sha1="d84b5d0b982e60a3b8af365f609bda0c113e51af" size="17830"/>
            <file name="13652__Koops__Sick_In_Toilet_06.mp3" sha1="b6afcdfec1bbc8aac0a6d7403861b3d03b989df6" size="40400"/>
         </directory>
         <directory name="web">
            <file name="107642__m_O_m__onion_break_hit_flesh_vegetable_blood_01.mp3" sha1="996470137edc0fb2d555327009f168a7aefc22a2" size="32046"/>
            <file name="107643__m_O_m__onion_break_hit_flesh_vegetable_blood_02.mp3" sha1="9810cb29ef02f662e3107e778d405242538ab112" size="34766"/>
            <file name="107774__m_O_m__onion_break_hit_flesh_vegetable_blood_11.mp3" sha1="ad7976d238802228ba95b0ce3cb4bb1fd7e423bf" size="44750"/>
            <file name="117772__m_O_m__cabbage_wrench_drill_01.mp3" sha1="a14bdd65b90969f77889e289bad493e4f895c7cd" size="21103"/>
         </directory>
         <directory name="wrestling">
            <file name="bodyfall1.mp3" sha1="38b54e94bba8c03ffd0e441c91c1a2006bdadc42" size="3801"/>
            <file name="bodyfall2.mp3" sha1="fb061bdb3f502a2dccb4de81dad1094f1002e63f" size="4524"/>
            <file name="bodyfall3.mp3" sha1="04700dd146c0c1d389b0c792878ad03b6c5c8098" size="7933"/>
            <file name="standup1.mp3" sha1="2abab270f7874c2769952ca80c14e412d61fe431" size="2366"/>
            <file name="standup2.mp3" sha1="81d3169dffe60d4788ff3802253f3961364090fc" size="2991"/>
            <file name="standup3.mp3" sha1="fd1b50f9da30e8cbb36bbea9372461194c4e0504" size="2366"/>
            <file name="standup4.mp3" sha1="f2abfdb60fd0cb5f22c2cad8bfb9a240ceedf573" size="2392"/>
            <file name="standup5.mp3" sha1="3a232c3de638ad690bdecf635122035c6c0d5312" size="2549"/>
            <file name="standup6.mp3" sha1="8c1a112b506e7b000f0de197227d1d6011c8f622" size="2574"/>
            <file name="strangle1.mp3" sha1="a696e8ad2d5d4a80449d25a346f4cf8f0f118d22" size="10634"/>
            <file name="strangle2.mp3" sha1="38bb09d32f49259c999210b035615adf27a94ab0" size="14170"/>
            <file name="strangle3.mp3" sha1="bdb3fca6ce3d0fedda141d54e0f6fd0c7f63db26" size="7383"/>
            <file name="strangle4.mp3" sha1="1bfe46ee9ce3bfea7593f0e1c7deccb9c509eda0" size="4783"/>
            <file name="swingfist1.mp3" sha1="7a52593f7708d1eaca7d5994c3d3fd32a5da79f6" size="2944"/>
            <file name="swingfist2.mp3" sha1="7729ab63671a6494cfc09b7afbf75a3061a6bf54" size="3073"/>
            <file name="swingfist3.mp3" sha1="c2657e0369b214f36a7ead2157fe7ffc5a07f004" size="2965"/>
            <file name="swingfist4.mp3" sha1="1da84be434a6b9e5111e44677b4712aa3555e75a" size="2318"/>
         </directory>
         <file name="battle.xml" sha1="7d17924bee8f745db2898150aa90bcefc6203193" size="27657"/>
         <file name="breath.xml" sha1="1b3938cd6c875bd2ba84365a47ca7c8fcd776868" size="6801"/>
         <file name="gore.xml" sha1="adf961e74bad3fb46307b88428681595e646a5f8" size="8772"/>
         <file name="hitevents.xml" sha1="7a3da391f8f70d10f0fb8b93e72717a844dcaa89" size="15661"/>
         <file name="status.xml" sha1="b6ad4a775ad93d8a718cb704ade80abe92983cec" size="11695"/>
         <file name="strikes.xml" sha1="01bdf5aca30929616dae5050f58ed2903b68f710" size="8058"/>
      </directory>
      <directory name="deaths">
         <directory name="founddead">
            <file name="128553__herbertboland__pianomoodsad3.mp3" sha1="7be533000180035525dfe94cf66746326fe074be" size="152525"/>
            <file name="128554__herbertboland__pianomoodsad1.mp3" sha1="b6fb50aeaa259e7ed6db8a3ae21c696d1ea37683" size="235854"/>
            <file name="128555__herbertboland__pianomoodsad2.mp3" sha1="a71a2545fbe0fa4a3dc5332beec89af2e4821128" size="144504"/>
         </directory>
         <directory name="slaugtering">
            <file name="impactsplat01.mp3" sha1="0226b965ba69918c385592cbca5203173821b7ec" size="17841"/>
            <file name="impactsplat03.mp3" sha1="fe568cbfcbf22adec32ac6bc0f4924eaab656527" size="17005"/>
         </directory>
         <file name="50776__smcameron__fall_with_impact.mp3" sha1="6685d83f710192740ced533f5836cfbc35284365" size="76631"/>
         <file name="directdeaths.xml" sha1="0219f14e2cf6f374e0fab006d23ee50df3cde3b9" size="5953"/>
         <file name="founddeaths.xml" sha1="4c2de3e1d06feb3735b7cdd4bcb0ca1ef3a027a2" size="4578"/>
         <file name="gutwrenching_scream.mp3" sha1="b411333f23d50af8f95e020bc1105ab9e6c91999" size="74460"/>
         <file name="slaughtering.xml" sha1="be6d9a0a44d0a45cda5497c992c99237e33e59bc" size="408"/>
         <file name="WilhelmScream_vbr.mp3" sha1="6fa6a10025fd5bd669d2c826c88b649f225e7292" size="31337"/>
      </directory>
      <directory name="default">
         <file name="85791__sandyrb__NATIVE_FLUTE_FIGURE_02.wav" sha1="8d69fdf790bcbfbdebba0e26e5729a15a7b8a1f6" size="44792"/>
         <file name="customHost.xml" sha1="fe7ce1c4f576f6afd31df03742f20010f59ee23a" size="151"/>
         <file name="Drop Metal Thing-SoundBible.com-401640954.ogg" sha1="49d8715067c538c7a29de2ded7c10f870488d75b" size="14781"/>
         <file name="readme.txt" sha1="2d0abfdc5b5e46f4b138cff2b8ff987d3641c7ee" size="126"/>
         <file name="sample.xml" sha1="f69210c880ccb3748639ff096b30e1a68de19c3e" size="10951"/>
         <file name="Sword Strike And Clash-SoundBible.com-1345262316.mp3" sha1="5476483257cfbef3c02cbf77f0ed40920e4500cf" size="13597"/>
      </directory>
      <directory name="dfhack">
         <directory name="build">
            <file name="atribution.txt" sha1="5b81806b33275ff2fd3cb7f2f28a816feae8df1e" size="125"/>
            <file name="saw_and_hammer_1.mp3" sha1="c9a135cc66089ad640bd53a574db657f62e104c5" size="89230"/>
            <file name="saw_and_hammer_2.mp3" sha1="006b73a5233bc0286984ae48d2a88b57e4d769b6" size="94663"/>
            <file name="saw_and_hammer_3.mp3" sha1="2f84b7f2b1997bd8a12295bf8de85ab2313c3229" size="55793"/>
            <file name="saw_and_hammer_4.mp3" sha1="782fee3250e543eb1c5f4f2d7d05ea4049f60128" size="110964"/>
         </directory>
         <directory name="gain">
            <file name="46992__sub-d__emin-9-guitar-chord-interup.mp3" sha1="be519354df428a4396e367017f43b19ad569d47b" size="81289"/>
            <file name="46993__sub-d__emin9th-chord-tweaked-in-lo.mp3" sha1="145b25d519e86e1c6642f229a8726a936be6f0cc" size="65406"/>
            <file name="46994__sub-d__guitar-chordal-improv.mp3" sha1="9b55f9e30d36693a8ab80114a263eb41a8f9d9af" size="81707"/>
         </directory>
         <directory name="rust">
            <file name="171696__nenadsimic__picked-coin-echo.mp3" sha1="c711162b48bd11b79090cb77d428c56628942123" size="29085"/>
            <file name="171756__nenadsimic__picked-coin-echo-2.mp3" sha1="9e9c36b5ce6782c56d7286cd39f03f07a0f7731f" size="28667"/>
         </directory>
         <file name="63643__superdaveosbourne__bong.mp3" sha1="47dcc4c86fd0cc29487acdc3468b0047a5e36695" size="90092"/>
         <file name="dfhack.xml" sha1="5e18f6fd49d7075a0b3b84fa3b5dd2b9f247cdf6" size="3973"/>
      </directory>
      <directory name="fishing">
         <directory name="NoFish">
            <file name="NoFish1.mp3" sha1="74d194f38883e0243080373b64ff45f5e2715f44" size="37429"/>
            <file name="NoFish2.mp3" sha1="3f258572e4fd883e0df8f963f0076d6e13c6532d" size="61671"/>
            <file name="NoFish3.mp3" sha1="ce761514fd22dd2176de78bb20e580ef7d2de3d2" size="26562"/>
            <file name="NoFish4.mp3" sha1="80d9c545c9a6b5992fdd447d11559c75cd953381" size="21547"/>
            <file name="NoFish5.mp3" sha1="4a68e81cc49f12a1e0713854d290c06952965357" size="23219"/>
         </directory>
         <file name="fishing.xml" sha1="1b1ed26fef3a6113265193cd650f34a8f52fa17d" size="427"/>
      </directory>
      <directory name="interactions">
         <directory name="necromancy">
            <file name="121894__stephensaldanha__magical-effect.mp3" sha1="f260749b96c510f5cc621108dabb4273499d40f7" size="33223"/>
            <file name="20342__corpsehere__zombieme.mp3" sha1="4b3f46103c2fad273c27827172af229288341ad4" size="30716"/>
            <file name="20343__corpsehere__zombieme2.mp3" sha1="1c80042d8b7b23df322a4eb0eabf5b3bc191ceb7" size="65406"/>
         </directory>
         <directory name="were">
            <file name="140488__alienxxx__box-25x25x7-thin-roar-009.mp3" sha1="d9cf58102215de9afe2c9b638c93d22f148032a2" size="83918"/>
            <file name="140491__alienxxx__box-25x25x7-thin-roar-006.mp3" sha1="213536ec848720ceb93442fc51de2bb86c8aacc8" size="33230"/>
         </directory>
         <file name="necromancy.xml" sha1="855e19e36a0ef62b4bf763b3c0e9a02279d8f8e0" size="917"/>
         <file name="were.xml" sha1="e8a3b0ee610f4d7bb132c52633379cc7f740c622" size="587"/>
      </directory>
      <directory name="intruders">
         <directory name="breaking">
            <file name="104828__cgeffex__lego-fall-apart2.mp3" sha1="f93e06279b8834bb95ec1679e0eaa6796f9cb400" size="14415"/>
            <file name="104829__cgeffex__lego-fall-apart3.mp3" sha1="2caf8389920f66b460c223d370ab1cd3c77b57f5" size="15251"/>
         </directory>
         <directory name="ghost">
            <file name="14570__oscillator__Ghost_Fx.mp3" sha1="bf0c5332c5c70c7450be914989136d40cb58a5ec" size="135838"/>
            <file name="33501__CosmicD__dreamyghost.mp3" sha1="18e79559fd603ee1916b032bad9545292fab6a03" size="101853"/>
            <file name="60571__gabemiller74__BreathOfDeath.mp3" sha1="4282d85e48730c74ffd386d314170cc9d9f9cf51" size="177499"/>
         </directory>
         <directory name="goblin">
            <file name="ambush1.mp3" sha1="607bf68c340bcf23f58c047261c4ece79afcf458" size="71676"/>
            <file name="ambush2.mp3" sha1="c44b0d1a1eb2374bafd18cc986c059af5c9639b0" size="58719"/>
            <file name="ambush3.mp3" sha1="09ffdb812dd28afe242858996a55b1cd1788e184" size="62063"/>
            <file name="ambush4.mp3" sha1="6edfeda6d0721af965d96fb4f4e46c1d7a2d7372" size="36567"/>
            <file name="ambush5.mp3" sha1="65d5be3a3dd7520a034015d3ee4ad5cf2b330105" size="40747"/>
            <file name="ambush6.mp3" sha1="b52c152e3ebfbbba895eb72ad3a1ff95c249d426" size="81289"/>
         </directory>
         <directory name="kobold">
            <file name="stole1.mp3" sha1="a80bdf8e497d7fce906aa3d4775f078aa90e9ca1" size="52867"/>
            <file name="stole2.mp3" sha1="e8cfa081fef8af7de5fd8fec9f03b47a1c4c33c0" size="45344"/>
            <file name="stole3.mp3" sha1="b6deecf970734900f3ddd706ef06d6ab80827184" size="44926"/>
            <file name="stole4.mp3" sha1="051278588aa9b3b51260c2ac320a58fd0c789646" size="54539"/>
            <file name="stole5.mp3" sha1="81365357f3c7522f088240ca676f44adb542d187" size="47434"/>
            <file name="stole6.mp3" sha1="0e18faf0402cbfb4550661083eed02bfde65b1d0" size="56211"/>
            <file name="thiefdetected1.mp3" sha1="92a834615382ecbbe12707e2f00335a2cfbc2db1" size="48688"/>
            <file name="thiefdetected2.mp3" sha1="c106731314909e55cf8f33c0faf7e6ce22e7ee8c" size="49942"/>
            <file name="thiefdetected3.mp3" sha1="83c588f82d754d05c4d0b3e57e4de46e7e83314d" size="46180"/>
            <file name="thiefdetected4.mp3" sha1="534dc5a51e5276dc382b2c5cad38669cb0aa0126" size="50778"/>
            <file name="thiefdetected5.mp3" sha1="05bc100b57a7d36c3212bfbfb2fa2de144b72ab5" size="66242"/>
            <file name="thiefdetected6.mp3" sha1="6506d14c1fa4d0650aba3fad25984a324b2400bc" size="67496"/>
            <file name="thiefdetected7.mp3" sha1="273a3c5d600ab8f08b5273430fd06883fcfa3e76" size="98843"/>
         </directory>
         <directory name="Tantruming">
            <file name="Tantruming1.mp3" sha1="a920d1f175e3b0ec5b5dead71ac402878b736b4d" size="31578"/>
            <file name="Tantruming2.mp3" sha1="b9d482d50e96ad83d30a27cfe6f9c1196e406469" size="44117"/>
            <file name="Tantruming3.mp3" sha1="c88e2475e801ced63a73126947d8ba493f2ae5bf" size="70030"/>
            <file name="Tantruming4.mp3" sha1="f607e2f5e67522710aae1ccbca88570fc335d155" size="148189"/>
            <file name="Tantruming5.mp3" sha1="d207371438f91c58f7d8c7cb6a186474549bb4d1" size="43281"/>
            <file name="Tantruming6.mp3" sha1="0917cb5591f86943f78ad296fe36961b00b0ebcf" size="136486"/>
         </directory>
         <directory name="TantrumingNoLonger">
            <file name="TantrumingNoLonger1.mp3" sha1="513774546967f4807cac70d72599f96dc6104820" size="34504"/>
            <file name="TantrumingNoLonger2.mp3" sha1="6c5a8cbf26eba1ca4060c164fb3e33076d69c521" size="33250"/>
            <file name="TantrumingNoLonger3.mp3" sha1="1cbf307a0b84556e7c0efcf8f9ce64ded17b8065" size="62507"/>
            <file name="TantrumingNoLonger4.mp3" sha1="d16c2e4d5d6df12b8f6138753679aeac5b9b58d7" size="56655"/>
            <file name="TantrumingNoLonger5.mp3" sha1="4cf428a41f6c9bcb53305d115d0a3264dbcd9aa2" size="43699"/>
            <file name="TantrumingNoLonger6.mp3" sha1="25c4cfe7d896682a7d1e0d276f739ea7647372c1" size="51222"/>
            <file name="TantrumingNoLonger7.mp3" sha1="4da4f0438f783156605f3a30775ff0e8209f7448" size="127291"/>
         </directory>
         <file name="8891__patchen__0_STABscrapes.mp3" sha1="8d26bb9dcbf4e1847e7ce0f13a9f97cda58edb5c" size="41373"/>
         <file name="8891__patchen__0_STABscrapes_rev.mp3" sha1="7f2e0a914aa401efe4a73b2a92b6bc2284245dd8" size="41373"/>
         <file name="Dog Growling And Barking-SoundBible.com-883632423.mp3" sha1="9bb8b227a851a3637f3dd31f2d28964e0b488bb8" size="38602"/>
         <file name="goblin_snatched1.mp3" sha1="0e2d947f2760fd167de42b74d7a937af88bbbf52" size="37433"/>
         <file name="goblin_snatched2.mp3" sha1="dfb6cbbf7dad7a7dec9c03ea029871159beb8b9b" size="38687"/>
         <file name="goblin_snatched3.mp3" sha1="a06e2e81f0a6980972b8c20b4a513b6aff2c82d8" size="33253"/>
         <file name="goblin_snatcher_foiled1.mp3" sha1="44e7fa9e3190c256a3308162305aa01b9829ec4c" size="24476"/>
         <file name="goblin_snatcher_foiled2.mp3" sha1="a004a881cb31419d85e50419c77ae35bb9cb7a49" size="44120"/>
         <file name="goblin_snatcher_foiled3.mp3" sha1="3bde4e37dc0aa15098c5752b89d55f4e6f6832f5" size="26984"/>
         <file name="intruders.xml" sha1="9fab120718b368a7c91068c37f43a8e31d1dea02" size="9362"/>
         <file name="Radakan - Dramatic event 2.mp3" sha1="d8cb9fc8664fa052a273b5061f7d1d8eeebf1c1c" size="178576"/>
         <file name="Radakan - Game Lost.mp3" sha1="afa0200d8347be4208d538df47cff4e0f409a602" size="352705"/>
      </directory>
      <directory name="mandates">
         <directory name="MandateEnds">
            <file name="MandateEnds1.mp3" sha1="ad6a989f4855efb30cf3d0c2b742fc83f81e4689" size="21129"/>
            <file name="MandateEnds2.mp3" sha1="a9f1c6de33375607f73e0a97da29f635bea2371d" size="21965"/>
            <file name="MandateEnds3.mp3" sha1="f420bbc926410d10943c2b7d3e4af1699d48e470" size="23637"/>
            <file name="MandateEnds4.mp3" sha1="da599d37f808e47eec768567b68c9c40bd9f43e4" size="50804"/>
            <file name="MandateEnds5.mp3" sha1="8f914f48a5b4223d0698c99e6d894f1a7557b7a8" size="37011"/>
         </directory>
         <directory name="NewMandate">
            <file name="NewMandate1.mp3" sha1="5aecff1ff8097a6c974446cf7956669c4c30be89" size="26144"/>
            <file name="NewMandate2.mp3" sha1="bd2e43b013244360866a9b43b7fb3abe9b72de54" size="27398"/>
            <file name="NewMandate3.mp3" sha1="6fdeac8801d0419a6d5619e4dce06067d790d88f" size="27816"/>
            <file name="NewMandate4.mp3" sha1="04e09487540b33e25ecf7f1cfafa50c1ad9940d0" size="69612"/>
            <file name="NewMandate5.mp3" sha1="ea3dff1271bbfc21b00cf075692bd5bd7aad3a3a" size="102213"/>
         </directory>
         <file name="34209__acclivity__ClearingThroat_Female.mp3" sha1="a7437d9e639f7300dc82dcfee7d10b59f4764c50" size="20347"/>
         <file name="Clearing Throat Male-SoundBible.com-37691700.mp3" sha1="aa85343bf8b1a4ce2cfb9c3cbfa5036964848ed6" size="17469"/>
         <file name="mandates.xml" sha1="0c6bd0375b4734756f3cbf95445458ebfa9b4dd0" size="2698"/>
      </directory>
      <directory name="mining">
         <directory name="demon">
            <file name="Scary_Demon_Haunting-Adam_Webb-97651262.txt" sha1="f2c1d00cd2dfd9aad07c8d086c27a919110829e9" size="481"/>
            <file name="Scary_Demon_Haunting-Adam_Webb-97651262_cut1.ogg" sha1="c3d7ebc8144ba259c18c71be634f4025e859d489" size="163188"/>
            <file name="Scary_Demon_Haunting-Adam_Webb-97651262_cut2.ogg" sha1="ce6d21810265937ef71f0aa4f51b7287127978e5" size="114973"/>
            <file name="Scary_Demon_Haunting-Adam_Webb-97651262_cut3.ogg" sha1="cbd3f82a47e76d5857dec096e8d6a6753cb69b0e" size="133146"/>
            <file name="Scary_Demon_Haunting-Adam_Webb-97651262_cut4.ogg" sha1="a8c5cab4305b1f7bccdbd492958a236ddc60a2e9" size="151007"/>
            <file name="Scary_Demon_Haunting-Adam_Webb-97651262_cut5.ogg" sha1="5631b4832bfb921f22b826b2fb9f0e5ad9017712" size="110957"/>
         </directory>
         <file name="16746__kijjaz__water_drop_01.mp3" sha1="edb190edbd57d0ec8d3eb9e7e5b76119b34da9f4" size="22854"/>
         <file name="25879__acclivity__Drip1.mp3" sha1="b908a77773cd96681c38e8872c8ab14106b76d6f" size="3628"/>
         <file name="30341__junggle__waterdrop24.mp3" sha1="14c9f8c9a1a19643a6bc566c3c0822b2340ed77e" size="12479"/>
         <file name="30342__junggle__waterdrop25.mp3" sha1="08343ce08af556f6641336401fb196177ffa2fa6" size="12479"/>
         <file name="33637__HerbertBoland__CinematicBoomNorm.mp3" sha1="c8557f5a823f8ddf2c1f7afac8347a257450bb3a" size="122329"/>
         <file name="45579__burriss__pan_hiss_part1.mp3" sha1="914928121ca7de32f37348c1c86ee20d2313cf23" size="108954"/>
         <file name="45579__burriss__pan_hiss_part2.mp3" sha1="929a6d54d37e9f9c1b90506a7f575f56ab99a7d0" size="55455"/>
         <file name="52143__blaukreuz__imp_01.mp3" sha1="c879fd936ba025406f2933be9ec794f5b671c9b2" size="59822"/>
         <file name="60085__Benboncan__Rockfall_in_mine1.mp3" sha1="52efecb2d93e555a5f080cde5ca91225c1c1ec4c" size="113870"/>
         <file name="60085__Benboncan__Rockfall_in_mine2.mp3" sha1="61ef296a582a7f2662231fe495b40bb28ad5d00f" size="148130"/>
         <file name="69299__Nummer39__steam.mp3" sha1="9969f453ac9731a4b4277159ee7b189a4eda5879" size="40827"/>
         <file name="81205__Mirors___FryPanSizlzLongRelease.mp3" sha1="2e166d1ef92cc5f7312d944926ddb2de4f729670" size="65566"/>
         <file name="DFINTRO.mp3" sha1="e2053bf4268c34720a7c21a9c66c687521aeea4e" size="227613"/>
         <file name="DFINTROEND.mp3" sha1="91a02b581c7711b6fc6742672b9382c74239634c" size="76698"/>
         <file name="DFPICK.mp3" sha1="fa0fca1efd5761c8e9e83701ede851b81a449467" size="9862"/>
         <file name="DFRUBBLE.mp3" sha1="01ced6e1e1c07c640bc7eec2c044246dc6220298" size="35352"/>
         <file name="enviromentalHazard.xml" sha1="7b16a544e63a52b83ef8da42de94af813f52e8f1" size="2064"/>
         <file name="mining.xml" sha1="fd70e3670c9d2a9393401958ea9b559f726f6e62" size="7998"/>
         <file name="Water Drop-SoundBible.com-2039669379.mp3" sha1="d0ba8f9a340e86f8c16271996fb33281309818ce" size="11617"/>
         <file name="win music 1.mp3" sha1="c15f0c7650e95f3d62c2fe3e5158860184a8247f" size="193369"/>
         <file name="win music 2.mp3" sha1="c5a910463a0ed58430a2953b2a0845d4f66e74f8" size="129421"/>
         <file name="win music 3.mp3" sha1="01d9af7f1c847b877319caec1ef04ee7997ba1f7" size="93894"/>
      </directory>
      <directory name="moods">
         <directory name="ArtifactCompleted">
            <file name="ArtifactCompleted1.mp3" sha1="20cd17ee49af8412cad050d2c7488cd60184cac2" size="92600"/>
            <file name="ArtifactCompleted2.mp3" sha1="c2e7ddf896898f57c23d579ee6f385c64c4736f4" size="49968"/>
            <file name="ArtifactCompleted3.mp3" sha1="00c7098639cdf80c96dccf3b0b8b888997849bc9" size="126455"/>
            <file name="ArtifactCompleted4.mp3" sha1="34084dcd202a4ae9e19f764ea77d155c8694858b" size="97198"/>
            <file name="ArtifactCompleted5.mp3" sha1="f91619107643e31c5195646336385707185ca197" size="143173"/>
         </directory>
         <directory name="DarkMood">
            <file name="DarkMood1.mp3" sha1="d507d80b4f71e465ca72ff0421aa926204bdc0b0" size="42863"/>
            <file name="DarkMood2.mp3" sha1="221bc50d035881ea0dc6a0cff97c4b0ff20ba47f" size="66269"/>
            <file name="DarkMood3.mp3" sha1="c5927a43a126572b7922e9c2d663097b0cce9b59" size="106393"/>
            <file name="DarkMood4.mp3" sha1="c547f2a2d041e4b7962d51d83e04ea81a73605e9" size="60835"/>
            <file name="DarkMood5.mp3" sha1="4aaeb52988c71e15b3674f1a2203ac7e20537688" size="52894"/>
            <file name="DarkMood6.mp3" sha1="ce9f0caf32f31599288bfa9a50ec792e71d5e330" size="90092"/>
            <file name="DarkMood7.mp3" sha1="3b79cb7d9bd4429ed367fd68ae16a6379b6ede93" size="188731"/>
            <file name="DarkMood8.mp3" sha1="ed0e278d304e86ddebe1dabf8849a43246e4cfb5" size="118513"/>
         </directory>
         <directory name="FellMood">
            <file name="FellMood1.mp3" sha1="3835b4527a87f07edaf5d4695fa4cc12a4c55e28" size="61671"/>
            <file name="FellMood2.mp3" sha1="ed7e39228d9726ffbbaeb4bb46e9fdc9dfaa506f" size="92182"/>
         </directory>
         <directory name="FeyMood">
            <file name="FeyMood1.mp3" sha1="6a473e08fe2e9580d8e7f08838a0ae01757ace79" size="134814"/>
            <file name="FeyMood10.mp3" sha1="c547f2a2d041e4b7962d51d83e04ea81a73605e9" size="60835"/>
            <file name="FeyMood2.mp3" sha1="d507d80b4f71e465ca72ff0421aa926204bdc0b0" size="42863"/>
            <file name="FeyMood3.mp3" sha1="221bc50d035881ea0dc6a0cff97c4b0ff20ba47f" size="66269"/>
            <file name="FeyMood4.mp3" sha1="2f19e676f211c81b10f32b3c5744eb7b661d0511" size="57073"/>
            <file name="FeyMood5.mp3" sha1="7bc7080d563c25f1f3898e3ae138a7c5742fae16" size="85913"/>
            <file name="FeyMood6.mp3" sha1="02387beaa870f1878cc7fc8a44e6c57634733a67" size="82987"/>
            <file name="FeyMood7.mp3" sha1="f0c941acb36c77fd4818fd71d3c6e845f550c765" size="60417"/>
            <file name="FeyMood8.mp3" sha1="c5927a43a126572b7922e9c2d663097b0cce9b59" size="106393"/>
            <file name="FeyMood9.mp3" sha1="4aaeb52988c71e15b3674f1a2203ac7e20537688" size="52894"/>
         </directory>
         <directory name="ItemAttached">
            <file name="ItemAttached1.mp3" sha1="cc0a8ec3c3e41eed1d6412ebc22e9466e546e47f" size="51222"/>
            <file name="ItemAttached2.mp3" sha1="d925e7194ce0cb79f58b0a137dd9f2314da581b9" size="77971"/>
            <file name="ItemAttached3.mp3" sha1="0d9d57ef14165f9138a2940c1fafd9b9c74b5676" size="41191"/>
            <file name="ItemAttached4.mp3" sha1="5bd4b219addc77c41c809c60cba8456c9ab29903" size="39937"/>
         </directory>
         <directory name="ItemNamed">
            <file name="ItemNamed1.mp3" sha1="ff8bba4473d382a39f5d34ae19bdefb7728f511b" size="128127"/>
            <file name="ItemNamed10.mp3" sha1="394407f9950f19fe626fe7b02643bceb716c3f65" size="40355"/>
            <file name="ItemNamed11.mp3" sha1="d2a19be23137e088dab73388688314fa88124730" size="72956"/>
            <file name="ItemNamed12.mp3" sha1="44f0dbf33f6c6ff91624df883c6453ae59ce6b41" size="114334"/>
            <file name="ItemNamed2.mp3" sha1="860d29548d4b5fa5ebe2b55d2120690944dcb39b" size="52058"/>
            <file name="ItemNamed3.mp3" sha1="e97ff1ebaf8c810271c0f304c33651e9cb1085c1" size="88002"/>
            <file name="ItemNamed4.mp3" sha1="ee0c3dde8465ab21b5affd65c13d768fce39ca4f" size="91764"/>
            <file name="ItemNamed5.mp3" sha1="5805578cf34cdf0344a7cbb324cf67602c73f0fa" size="72956"/>
            <file name="ItemNamed6.mp3" sha1="cd129147accd4b5b4ccf92362e49fc160dc87b43" size="238050"/>
            <file name="ItemNamed7.mp3" sha1="16c8e9ba763dbebc9223fdedaca28c7188a98f27" size="47460"/>
            <file name="ItemNamed8.mp3" sha1="a3d9e88ef2f6ae422b69a2cbcf3903c631d2ba5e" size="41609"/>
            <file name="ItemNamed9.mp3" sha1="d6d9ddc6bdd87edfe3f6aaa655fe957a49fb04fc" size="31160"/>
         </directory>
         <directory name="MoodFailBerserking">
            <file name="MoodFailBerserking1.mp3" sha1="8cb0f75b93f53851f9c27eff01404a026427f3cc" size="204195"/>
            <file name="MoodFailBerserking2.mp3" sha1="34e025d3e5d6764ffd9b5a98fd4c84da9ac4c9e0" size="99287"/>
            <file name="MoodFailBerserking3.mp3" sha1="5fba6521fa8d08fa81423ab266f9f6d0b94065b3" size="75464"/>
            <file name="MoodFailBerserking4.mp3" sha1="ff01de041955722aa844a71ffa8de0e283195436" size="54984"/>
            <file name="MoodFailBerserking5.mp3" sha1="8f9beb5ea3d4a52d21a8e1cbedb0865ca6a07e51" size="67104"/>
         </directory>
         <directory name="MoodFailMad">
            <file name="MoodFailMad1.mp3" sha1="eeadd8a10c9429db0d5e0c993bb8375e29ddda7d" size="190402"/>
            <file name="MoodFailMad2.mp3" sha1="c1cfebe9798290653a28b8c0ae32eacd1a7263e1" size="75882"/>
            <file name="MoodFailMad3.mp3" sha1="7967acb4204836ba960c9ad571abd16005364479" size="234706"/>
            <file name="MoodFailMad4.mp3" sha1="a589d357b67cc43e5ed67c97f6750bca5b5b2628" size="82569"/>
            <file name="MoodFailMad5.mp3" sha1="d0f2df8ab5545d0b4918d47e373d6481e26a6712" size="77553"/>
         </directory>
         <directory name="MoodFailMelancholy">
            <file name="MoodFailMelancholy1.mp3" sha1="6d6089e1272c4c52fde92d297894ad4b5bb34c38" size="105975"/>
            <file name="MoodFailMelancholy2.mp3" sha1="a9bc7fe4b9c6ccf55d61b11a894ce53de77816ab" size="194582"/>
            <file name="MoodFailMelancholy3.mp3" sha1="30ebd9d5221cea2ccd05f6a3a26e568e0e8471ba" size="106393"/>
            <file name="MoodFailMelancholy4.mp3" sha1="231bc93381641ba2b7797997a611042b2bf41e03" size="103467"/>
            <file name="MoodFailMelancholy5.mp3" sha1="c566084a4765ec75c95048f5aa79e9857d69b97d" size="35758"/>
         </directory>
         <directory name="PossessedMood">
            <file name="PossessedMood1.mp3" sha1="8d7dae631f69f6ff5afd1b2f547111a89fabf3ea" size="118513"/>
            <file name="PossessedMood2.mp3" sha1="9000cba103aeadda2032a51ef120ff647b40ba99" size="182043"/>
            <file name="PossessedMood3.mp3" sha1="8f3aa831a1b9bb11eb39a1b4e5e6da2cda8fc308" size="42863"/>
         </directory>
         <directory name="SecretiveMood">
            <file name="SecretiveMood1.mp3" sha1="c5927a43a126572b7922e9c2d663097b0cce9b59" size="106393"/>
            <file name="SecretiveMood2.mp3" sha1="4aaeb52988c71e15b3674f1a2203ac7e20537688" size="52894"/>
            <file name="SecretiveMood3.mp3" sha1="6cde4895d6f1bad046eed3b5e9b3641571649ea8" size="107229"/>
            <file name="SecretiveMood4.mp3" sha1="dfba86498c4deaf14f1723f0e88b8c3bf723b041" size="69194"/>
            <file name="SecretiveMood5.mp3" sha1="6174d87f2dbe8f4694f089f7da0690664d754218" size="71284"/>
            <file name="SecretiveMood6.mp3" sha1="1a0bf048da18786f42c81abb7f20a2458a46a69b" size="101377"/>
         </directory>
         <directory name="WorkshopClaimed">
            <file name="WorkshopClaimed1.mp3" sha1="38ba82ffc17a0ba6b1f74bd7b3cf941b7761301b" size="30742"/>
            <file name="WorkshopClaimed2.mp3" sha1="f3756874de098a11769c42d25ba068ab9a3c649f" size="35758"/>
            <file name="WorkshopClaimed3.mp3" sha1="7c967ec2ebac66c0432256f11dee3cf81bc476f9" size="77135"/>
            <file name="WorkshopClaimed4.mp3" sha1="83519dd30aba30bfb275d902757ea7a616d17c74" size="77135"/>
            <file name="WorkshopClaimed5.mp3" sha1="2d7d66e0de340211263745b4ccb56199f05d28c6" size="166579"/>
         </directory>
         <file name="21324__cdrk__scream_02.mp3" sha1="5e13b4c7877f5de9232f270c42b08bd187f00fc3" size="55509"/>
         <file name="36410__thanvannispen__brth_grp_shk1_tmty1rev.mp3" sha1="85f43397176e966f1e9136cde734103095abd9e5" size="178335"/>
         <file name="52173__DJ_Chronos__Moaning_wipe_001.mp3" sha1="b7b27122210d813bf35827eb70ec18ab56c4e971" size="413280"/>
         <file name="66097__the_semen_incident__another_drone.mp3" sha1="a8d3d0b047c71af89acd8ca443629926742830e6" size="111860"/>
         <file name="Evil Laugh Cackle-SoundBible.com-957382653.mp3" sha1="a20683e5b8f5f553733e6719fab4bf52931b142a" size="32266"/>
         <file name="moods.xml" sha1="e66c1bbc2388cab66c6fcc3909430df74acc0b6e" size="6759"/>
      </directory>
      <directory name="production">
         <directory name="NotPossible">
            <file name="NotPossible01.mp3" sha1="94ced84cbd0218877ec2a20d5faea0aad65af55c" size="17367"/>
            <file name="NotPossible02.mp3" sha1="b2f7bb7fa14bffae9f8783ed11509372bfe1cd9d" size="14442"/>
            <file name="NotPossible03.mp3" sha1="f690b8f5e4e03aea0828dddb47f33d7ecb0242a7" size="24055"/>
            <file name="NotPossible04.mp3" sha1="5e77532908261b23500577b9502aa3c6c44a2191" size="26562"/>
            <file name="NotPossible05.mp3" sha1="a9e4c33794d1240b389990f9305d55d3ea1ac89b" size="17367"/>
            <file name="NotPossible06.mp3" sha1="4d0282bdb88ceb2ced09d7af0cc1001ff86f5092" size="21129"/>
            <file name="NotPossible07.mp3" sha1="56f060df96bc48ab7b26108ea07369233e88b4f5" size="21129"/>
            <file name="NotPossible08.mp3" sha1="935a70367a0f40c1c252b8dd4b6222a0aff27734" size="17367"/>
            <file name="NotPossible09.mp3" sha1="750501ce3cdd182ce62859316917615d5b9d0e9f" size="19039"/>
            <file name="NotPossible10.mp3" sha1="71f9a97a8dc9f37ad35df86b3e4a7e785e7cb178" size="27398"/>
            <file name="NotPossible11.mp3" sha1="0bf4522b1189efeb962772b4f1ca6aa2773df4cd" size="22383"/>
            <file name="NotPossible12.mp3" sha1="afe074e85f7c984423829160aadfd633b908f87f" size="25727"/>
            <file name="NotPossible13.mp3" sha1="e82028fe46f8cda1cf7442a225591e8a87f89299" size="47042"/>
            <file name="NotPossible14.mp3" sha1="05f8739990d2e9fa46f42fc2b969df9791e8e9fc" size="18621"/>
            <file name="NotPossible15.mp3" sha1="d3db9bd64722a95451ce2687db75d74fd03fe692" size="31578"/>
            <file name="NotPossible16.mp3" sha1="710a1c54760d8eb2faee1cf881b79a2a774f9671" size="26562"/>
            <file name="NotPossible17.mp3" sha1="307e2e0aff98b6fab08662cb0507d8240e7e500e" size="9426"/>
            <file name="NotPossible18.mp3" sha1="f8845c8ed2cf63e9c3f78bd46203fe63e082f93b" size="16949"/>
            <file name="NotPossible19.mp3" sha1="c5107ecac08385c9a41e1bacbc7ba71ecefb82df" size="14860"/>
            <file name="NotPossible20.mp3" sha1="834890749db54dbbae4927f8f995b0d336bb8f06" size="9008"/>
            <file name="NotPossible21.mp3" sha1="79015c699ffa0a1857dcbda0a0901f5a4b6552ad" size="35340"/>
            <file name="NotPossible22.mp3" sha1="3d88156a7ed71f1eac5779caf969c770e59c06b1" size="34086"/>
         </directory>
         <directory name="NoTrainableAnimals">
            <file name="NoTrainableAnimals1.mp3" sha1="06b3c97995fa7122de521f647ae4ca5d44ed1746" size="28234"/>
            <file name="NoTrainableAnimals2.mp3" sha1="dcd2eb4a0e16f830963bcac7bc5eff1c7e1dc2ff" size="27398"/>
            <file name="NoTrainableAnimals3.mp3" sha1="091173c76dfc9f4a2c00b93d39dc1851c3f61f53" size="40355"/>
         </directory>
         <file name="12828__schluppipuppie__besteck_08.mp3" sha1="1865e00a4a09d5c543c5e74b13c3682e3d746ce3" size="9062"/>
         <file name="12884__schluppipuppie__tack_06.mp3" sha1="e3f38412e6e4eb125b8919b27f89d0cd37853703" size="9480"/>
         <file name="12894__schluppipuppie__tsch_02.mp3" sha1="3efa578087e66e19ef3cd68bc369474aac809635" size="9898"/>
         <file name="707__vitriolix__subbasesoft.mp3" sha1="60865ac51eefada11ae14bd7067285c35bed6a70" size="48775"/>
         <file name="85792__sandyrb__NATIVE_FLUTE_FIGURE_03.mp3" sha1="5880732dd4866086c583a611b0eb1e06b8709420" size="93982"/>
         <file name="85794__sandyrb__NATIVE_FLUTE_FIGURE_05.mp3" sha1="8aa3eaa480ab8d64cea43c4cdb8dd627e78a2a98" size="57118"/>
         <file name="cancelations.xml" sha1="ef777f7a0d524f92b543d3ca332d393aa703f00d" size="19817"/>
         <file name="Drop Metal Thing-SoundBible.com-401640954.mp3" sha1="5481da6ea954a8d859c65aae1c2a7ddef72dde40" size="11422"/>
         <file name="foodAndDrinkCancelations.xml" sha1="0fab342f3311f88d8c3d79846d0adebc49da9219" size="1856"/>
         <file name="production.xml" sha1="bd169b5b3230ec5c0b0324054eb4115a26114217" size="2746"/>
      </directory>
      <directory name="seasons">
         <directory name="autumn">
            <file name="Constancy Part Two.mp3" sha1="5334572f6ce7e3233281c8307d3990b3d57ee8fe" size="2575905"/>
            <file name="Opium.mp3" sha1="a4ec35d80367c36a348e1f5ebae0a822d6c81b8b" size="14930809"/>
            <file name="Skye Cuillin.mp3" sha1="8069a6c5ace34d325c9d1086010c0a1f355bae7b" size="7861329"/>
            <file name="Temple of the Manes.mp3" sha1="949ef2bf5265ca7cc92603169a8a19d1bdf87bee" size="6336663"/>
            <file name="The Pyre.mp3" sha1="3607f64ab5ee941db0ba7078f0e484751d8f1b6c" size="9338563"/>
         </directory>
         <directory name="roguebard">
            <file name="7_20.mp3" sha1="68e530d311211ecf1b8e7fbdc33151a7290494f7" size="2871630"/>
            <file name="9_22.mp3" sha1="bb31386e57aa99623fc236eaf4ff9d583f3c3883" size="1587534"/>
            <file name="attribution.txt" sha1="e812096d31e8688e88dfbe63fe1de3fccbc6e6d0" size="144"/>
         </directory>
         <directory name="SeasonAutumn">
            <file name="SeasonAutumn01.mp3" sha1="fee25f73a895274b8c803bcefa0de95bd862e8a4" size="208375"/>
            <file name="SeasonAutumn02.mp3" sha1="85c5082be1046029864c8c0af9258c9ad2da3523" size="208375"/>
            <file name="SeasonAutumn03.mp3" sha1="374690f2559b0226bfa7d379b9ba52fa68feb6dd" size="208375"/>
            <file name="SeasonAutumn04.mp3" sha1="335fa404644cc0f1fa1ce807a062ff9dd1e4241e" size="208375"/>
            <file name="SeasonAutumn05.mp3" sha1="a842ae785e937a094ca97dc1cc9ebc87d753a988" size="208375"/>
            <file name="SeasonAutumn06.mp3" sha1="12d36511ccdddd9379d24c77b080b16c170c319f" size="208375"/>
            <file name="SeasonAutumn07.mp3" sha1="2753ce0eccc044c8bb8685d66a432396acca7e7b" size="208375"/>
            <file name="SeasonAutumn08.mp3" sha1="01088d7451d96be280caffc4446e58dec3e9127a" size="208375"/>
            <file name="SeasonAutumn09.mp3" sha1="378f624f36796b940d94f5140a3b2afcd5e808e1" size="208375"/>
            <file name="SeasonAutumn10.mp3" sha1="20f52455bda5c5009ca3612ce7a324eb6050c61d" size="208375"/>
            <file name="SeasonAutumn11.mp3" sha1="18f9cc97f2b121c074a7a34637ed03f80cb813bb" size="208375"/>
            <file name="SeasonAutumn12.mp3" sha1="31b89f4286d0b660871aa9f0b93fd5c904c68450" size="208375"/>
            <file name="SeasonAutumn13.mp3" sha1="e25a37ce2be164de675c119c6856cccc5bf7736b" size="208375"/>
            <file name="SeasonAutumn14.mp3" sha1="66d2cb71422024662d458dbd8dffe9f6461030eb" size="208375"/>
            <file name="SeasonAutumn15.mp3" sha1="4f9617e1e274b6c9aed119c18e29196c279062a1" size="208375"/>
            <file name="SeasonAutumn16.mp3" sha1="29fdcfebdc5064cc214cbd2a7ea9393f996604fe" size="208375"/>
            <file name="SeasonAutumn17.mp3" sha1="81df4ed3b3002377490ee7d5e5e0062aab298f1e" size="208375"/>
            <file name="SeasonAutumn18.mp3" sha1="62cda23d6defa43db5824e29a2ba36c5bf4859d0" size="208375"/>
            <file name="SeasonAutumn19.mp3" sha1="38105b96ce5b5c0b944f822075811d82fd0b34ca" size="208375"/>
         </directory>
         <directory name="SeasonSpring">
            <file name="SeasonSpring01.mp3" sha1="60b764dec533f0b7a9007d0b4d0946f89aa34925" size="391441"/>
            <file name="SeasonSpring02.mp3" sha1="0cc2b4e19293ab8456574026ec9c3f7a57c1389d" size="113080"/>
            <file name="SeasonSpring03.mp3" sha1="b34c4062fe7dcde3c9b77c2c750b92c2cc232e72" size="180789"/>
            <file name="SeasonSpring04.mp3" sha1="cba3512b243340d18dc2a592214f85464636150b" size="180789"/>
            <file name="SeasonSpring05.mp3" sha1="afe3a445d81482448d627a4d635c3fe81290b6ec" size="180789"/>
            <file name="SeasonSpring06.mp3" sha1="e079370353bf65b2416170c835d40eff040a837b" size="180789"/>
            <file name="SeasonSpring07.mp3" sha1="653878b145cfb4218d7dee6248ee9314c3f8601b" size="180789"/>
            <file name="SeasonSpring08.mp3" sha1="a59eb8b72fea64e7ab36ca4a2c9f4e0d39aab200" size="180789"/>
            <file name="SeasonSpring09.mp3" sha1="c2da18cd618d35f019de8d9b61063fcaddb2a0d7" size="180789"/>
            <file name="SeasonSpring10.mp3" sha1="5b60db22244804b94adff2f1b617b515c5ce47dd" size="180789"/>
            <file name="SeasonSpring11.mp3" sha1="a71377b3b672dd479cd0f5dc02b2760e43183d4d" size="180789"/>
            <file name="SeasonSpring12.mp3" sha1="0e19f94f34d43a1864ce128e877d30488d1cfceb" size="180789"/>
            <file name="SeasonSpring13.mp3" sha1="c65490b2437de1e7ffa41436be8fde5ba4460495" size="180789"/>
            <file name="SeasonSpring14.mp3" sha1="aaf3ad8904734e5ff4dd251087297e77b75a3108" size="180789"/>
            <file name="SeasonSpring15.mp3" sha1="c5618d462784a3ca4a7dc31603f7bf771de7ae44" size="180789"/>
            <file name="SeasonSpring16.mp3" sha1="316d04a98bf177f12301f348801be2099235ab8b" size="180789"/>
            <file name="SeasonSpring17.mp3" sha1="9af8204d90d36e8b7fab141c13a9bd9753c2d6e5" size="180789"/>
            <file name="SeasonSpring18.mp3" sha1="4e44df927b5495284e6a11756bf8b7cb25d79fe7" size="180789"/>
            <file name="SeasonSpring19.mp3" sha1="45d9ae4f336a7305fdb7cea626f2a56571338f51" size="180789"/>
            <file name="SeasonSpring20.mp3" sha1="075ad81aac4107e98536f388fce1d6845222b31c" size="180789"/>
            <file name="SeasonSpring21.mp3" sha1="a1baa1f501804d2edb78c8e279a054dee6e452af" size="180789"/>
         </directory>
         <directory name="SeasonSummer">
            <file name="SeasonSummer01.mp3" sha1="75b72f53cf61b8a87ff44a4be1ddd8ed3e9b9548" size="195209"/>
            <file name="SeasonSummer02.mp3" sha1="8f07638f85de974d9db152e60465a88ad30981f5" size="195209"/>
            <file name="SeasonSummer03.mp3" sha1="30fdb9817b667fa2abf26328565884e0a1fb28fe" size="195209"/>
            <file name="SeasonSummer04.mp3" sha1="b390541dc3ba759100159dba44bd43337d42a519" size="195209"/>
            <file name="SeasonSummer05.mp3" sha1="fe240008945b3bebc7a48b4adecd5873b4e81a79" size="195209"/>
            <file name="SeasonSummer06.mp3" sha1="0436b38925682d69916033eb44f8be413ba80506" size="195209"/>
            <file name="SeasonSummer07.mp3" sha1="0d477fbe27f6370f5a0c99badc5cbf66560f6692" size="274830"/>
            <file name="SeasonSummer08.mp3" sha1="9d526036ca64addf5a0aa3ca5128b078dc6c4635" size="193328"/>
            <file name="SeasonSummer09.mp3" sha1="7fdd3727f361134b009d1b98014c31890b82d858" size="193328"/>
            <file name="SeasonSummer10.mp3" sha1="81509db4b02681c2ee10364ce2f40c1e96747cb5" size="193328"/>
            <file name="SeasonSummer11.mp3" sha1="d4b6580d9c5ef85b0e83ee56e03bf2a94bbca955" size="193328"/>
            <file name="SeasonSummer12.mp3" sha1="2163b05afca1e1a3866db037c97bdba4f12f6e5f" size="193328"/>
            <file name="SeasonSummer13.mp3" sha1="c7649e6f3ab11d06be3b94cb9dafc1da5ab22c82" size="193328"/>
            <file name="SeasonSummer14.mp3" sha1="92e5df64dd538ceadaeb22ea99ca13ed7b00457e" size="193328"/>
            <file name="SeasonSummer15.mp3" sha1="7bab8cc7143123932f962b67107fa35c45ff9b0c" size="193328"/>
            <file name="SeasonSummer16.mp3" sha1="838c9f8f17412a5aacc3f2091726bd92582aaf9b" size="193328"/>
            <file name="SeasonSummer17.mp3" sha1="f9b22728bcec99e7824aaef48af38f61ec47f703" size="193328"/>
            <file name="SeasonSummer18.mp3" sha1="c3646c9782176f3d7d41e636f9636e92b4e77b37" size="193328"/>
            <file name="SeasonSummer19.mp3" sha1="58077f7db22507514331fdcafb346e6193070c6c" size="193328"/>
            <file name="SeasonSummer20.mp3" sha1="ce9c7f39a44043a7b4cb09c7ed5fb45bdc585786" size="193328"/>
            <file name="SeasonSummer21.mp3" sha1="8815562655e2f251e715f1040f7de6a840b6bc4a" size="193328"/>
            <file name="SeasonSummer22.mp3" sha1="bf87d0da35ba68fb179fd7ff496bfdfe4f0e3ce4" size="193328"/>
            <file name="SeasonSummer23.mp3" sha1="d7e264828470a80285ad0ac5e624afa8e56f8147" size="193328"/>
         </directory>
         <directory name="SeasonWinter">
            <file name="SeasonWinter01.mp3" sha1="8ecf1fa8598a2c5f81e13de3a0f0b91128d70bba" size="208375"/>
            <file name="SeasonWinter02.mp3" sha1="a31205d3e58d4e696abb42d6d73f6cfe7d66294a" size="208375"/>
            <file name="SeasonWinter03.mp3" sha1="905ca09b160c227088fe66abe80d9c3355b68528" size="208375"/>
            <file name="SeasonWinter04.mp3" sha1="8465b73f0711a19411ca6afea8b253a50a3fefbc" size="208375"/>
            <file name="SeasonWinter05.mp3" sha1="2c910bd1d8d81fa7421e7958e0d4d33a5cd9a87a" size="208375"/>
            <file name="SeasonWinter06.mp3" sha1="ffcceb95c78f4029351e0e926e4a87ce809b77f0" size="208375"/>
            <file name="SeasonWinter07.mp3" sha1="e197ba1dfcd7a43d2feadc47068585a8d1db9d4a" size="208375"/>
            <file name="SeasonWinter08.mp3" sha1="e9484bf4e3d7e764457c0aa0555cbe78ffca14d6" size="208375"/>
            <file name="SeasonWinter09.mp3" sha1="7b086b5f9c75d5a952fddb2839e83b6bc3d1a365" size="208375"/>
            <file name="SeasonWinter10.mp3" sha1="ee68a83486549a911f5362f655d33726b2f87d44" size="208375"/>
            <file name="SeasonWinter11.mp3" sha1="8e6e4e565eb554e8e0aa24837ed703404b142044" size="208375"/>
            <file name="SeasonWinter12.mp3" sha1="8468eaab7cf2f92b9e1f7ff74bae910de3c6658d" size="208375"/>
            <file name="SeasonWinter13.mp3" sha1="47e8c5f41152f045fa4293823de4a06e6acaf92c" size="208375"/>
            <file name="SeasonWinter14.mp3" sha1="1847556b42f031f73b61c0ee3bad4274d8784fc7" size="208375"/>
            <file name="SeasonWinter15.mp3" sha1="c011749b5393900086864a366f4fbb322dda6504" size="208375"/>
            <file name="SeasonWinter16.mp3" sha1="f186de2d29098725a4fe4ac4fd301f4f5b7f47cc" size="208375"/>
            <file name="SeasonWinter17.mp3" sha1="b83191610fa1ff102e7be34ea6a164af6ec81214" size="208375"/>
            <file name="SeasonWinter18.mp3" sha1="bd68d86fa45f2cb2e6bc3bdd9466071c5936d5fb" size="208375"/>
            <file name="SeasonWinter19.mp3" sha1="8f635513453a5c846059acc84f4e7900ce564844" size="208375"/>
            <file name="SeasonWinter20.mp3" sha1="fb33766673fb26404a2e330d3dbd3004debfd0e6" size="208375"/>
            <file name="SeasonWinter21.mp3" sha1="8c83bb127d1425fde1d292a44504ae1b9b748dda" size="208375"/>
            <file name="SeasonWinter22.mp3" sha1="3d1d26946799b0893cdf3f9939614d206188ede7" size="208375"/>
            <file name="SeasonWinter23.mp3" sha1="0c1a066c55de6fa66fc6cd61138ff6761cf47805" size="208375"/>
         </directory>
         <directory name="simonswerwer">
            <file name="attribution.txt" sha1="73350f65bd7caaba39a9bc11d2c3cbeaa94a58f5" size="199"/>
            <file name="encounter.mp3" sha1="ba4bf182ff1a2fa5b85fb19cf76bc08eeb6e2256" size="3619772"/>
            <file name="Simon Swerwer - Decapitated Camels.mp3" sha1="fcdc833d3f320cb82d388827a5139ecc7d447c06" size="9762773"/>
            <file name="Simon Swerwer-Bonecrafter.mp3" sha1="37f00a80d4b0066674a4a4366066f6749081318f" size="4297038"/>
            <file name="Simon Swerwer-Galena.mp3" sha1="cbe23cb08ec4c9506bf6c35a65a5d543bd0c2be4" size="4710734"/>
            <file name="Simon Swerwer-Inith and Od Travel North.mp3" sha1="428edddf90b8a701f10bd316072e2b003007e556" size="4917582"/>
            <file name="Simon Swerwer-Kobold March.mp3" sha1="f76f619c01c6e45ffa8566a2a7ad4275a9754b38" size="6232398"/>
            <file name="Simon Swerwer-Koganusan.mp3" sha1="a3b28a8b2ef9730f9863b4720849886f6b5449f1" size="5369310"/>
            <file name="Simon Swerwer-Spelunker.mp3" sha1="8b41d78556444eebb79e784a5b8ada80fc002797" size="4913486"/>
            <file name="Simon Swerwer-The Balanced Dunes.mp3" sha1="70cf836e1cd2a8602ff990cbb3ee5c06b851dc83" size="5096886"/>
            <file name="Simon Swerwer-The Tankard Basher.mp3" sha1="8344d04f83660212ab9cfd6be3537b83047955b2" size="3141796"/>
            <file name="Simon Swerwer-Whip Vine.mp3" sha1="8d39ab619d8a8782c42bd3125143cee234851335" size="4953022"/>
            <file name="Simon Swerwer-ZTIQ.mp3" sha1="3ad2cc799b3d41f4f10a4cddf3182b090a2cde73" size="3551566"/>
            <file name="theelvesofthecoast.mp3" sha1="828f39707febe51f900bd9f79e8671319e605700" size="3443393"/>
         </directory>
         <directory name="spring">
            <file name="Achaidh Cheide.mp3" sha1="29c95ab46cb5001bf98cddc706bd7ba87b8fcbe7" size="5475237"/>
            <file name="Celtic Impulse.mp3" sha1="d86ca21c923f2f1fbbcd20df3b8015866511ed99" size="6446938"/>
            <file name="Not As It Seems.mp3" sha1="5477f0e3ee14766b3ae51d7aec5a5041f2da8034" size="4031339"/>
            <file name="Savannah Sketch.mp3" sha1="3da3ce74b58e32f11b8de8c7862b6b2198c426c1" size="8302712"/>
            <file name="Willow and the Light.mp3" sha1="5a965357c52cde42c101366922831b4b3e4e380f" size="7773565"/>
         </directory>
         <directory name="summer">
            <file name="Chase.mp3" sha1="962b029d41993d5a69abea9ce65d27b18d53c9d0" size="5413684"/>
            <file name="Confused State.mp3" sha1="23ab604e2d6314bfe5dcc01a987f3e8c0a26b049" size="2792142"/>
            <file name="Double Drift.mp3" sha1="2c140bc6fe4cb49fe00db87e0b8c7dea4459cb64" size="9972103"/>
            <file name="Expeditionary.mp3" sha1="067396136e6c211d291e46e052000b23965be6fc" size="7713932"/>
            <file name="Heroic Age.mp3" sha1="e846389198eacc75ada120f92847205594c246da" size="3902817"/>
         </directory>
         <directory name="winter">
            <file name="Frost Waltz (Alternate).mp3" sha1="38e9f35adeb825b305f54faa9a74e3015e8093b3" size="5551183"/>
            <file name="Frost Waltz.mp3" sha1="19e5d87cc1c867c2430ca0c30b18d152a845caad" size="5527018"/>
            <file name="Senbazuru.mp3" sha1="bee185d8f2160463c2fdb81815a8cf4a75071893" size="3766980"/>
            <file name="To the Ends.mp3" sha1="5ab4f54575ee87abdaf061ef4c971518354df3ac" size="4295898"/>
            <file name="Unpromised.mp3" sha1="04de0d17aeb61944c17a319627fb139e3d758c63" size="4625235"/>
         </directory>
         <file name="10s_silence.mp3" sha1="758358549439188155c3d9c744869d9728467e86" size="10398"/>
         <file name="384438_One_Eternal_Dream.mp3" sha1="40d193d657abf06f5a2d189dace1df178efeedb4" size="8399430"/>
         <file name="399596_Quest___Overworld_Theme_1.mp3" sha1="bed2a46df39e73a3067a760ef7e80844675c7482" size="3225590"/>
         <file name="419488_Catacombs_Of_Valhalla.mp3" sha1="966b09bbfcec9f78bd78914b80829f3da8e48fed" size="1622639"/>
         <file name="423736_ultimatewhimsyoverturefix.mp3" sha1="4d891d28f117d0e436d1a15856c0298fb73801cd" size="4588895"/>
         <file name="433242_Times__only_moment.mp3" sha1="9544eff98b6f8704686ae0356ed98b99b1800428" size="1210949"/>
         <file name="attribution.txt" sha1="75b343da3881e969f1d4f99cc9c5d42d3d4e9f96" size="1083"/>
         <file name="Musopen.Com  Arvo Part-Magnificat.mp3" sha1="990665aedd079a35740168d7d7a5452fce1a03e8" size="7848547"/>
         <file name="Peer Gynt - grieg - in the hall of the mountain king.mp3" sha1="1305815e27c3d75803e7baa5cb67840cae793bbd" size="2752718"/>
         <file name="seasons.xml" sha1="6d54273a8236faf838b8984792e6e1aa3bcb61d4" size="12215"/>
         <file name="[tindeck.com] - rdriftwood - Hey Di Lee Hi.mp3" sha1="49c815f78bf100696624b02813f0005579cd93ba" size="8281108"/>
      </directory>
      <directory name="social">
         <directory name="babyborn">
            <file name="babyborn_01.mp3" sha1="191592e2a8675a9f9ebc1487c964d6aba250368b" size="68358"/>
            <file name="babyborn_02.mp3" sha1="289b90fcf8b146fda16c15feb6c7a3d3513562da" size="22801"/>
            <file name="babyborn_03.mp3" sha1="f312b3ebccfc8ddf9b5de18c77e4c664f943c844" size="51640"/>
            <file name="babyborn_04.mp3" sha1="cde2eb53a1764b9adc21fd32825d3aa414cfe497" size="62507"/>
         </directory>
         <directory name="MigrantsArrived">
            <file name="MigrantsArrived1.mp3" sha1="5787629a7f53e5dbbca5bb3ee88e4775a2578e94" size="29488"/>
            <file name="MigrantsArrived10.mp3" sha1="c5cc98d3201b940ec94e880304b89a164d5aa58e" size="52894"/>
            <file name="MigrantsArrived11.mp3" sha1="ee864600d829155478b0dedf98dd7a60e8bcef4e" size="45789"/>
            <file name="MigrantsArrived12.mp3" sha1="f55ca09b3f8598ad04a5af7b8f7be41b84afb16a" size="49968"/>
            <file name="MigrantsArrived13.mp3" sha1="03c63ea6e98b5a69ae92dc0902c0a516d6d6e78d" size="143173"/>
            <file name="MigrantsArrived14.mp3" sha1="24e3bd6b2f49d755128358b626e038c1529d3eba" size="21547"/>
            <file name="MigrantsArrived15.mp3" sha1="f3ec726e3c853d3e52d2bff33da02dd3400d3ecf" size="42445"/>
            <file name="MigrantsArrived16.mp3" sha1="1d83dbc55b61bd108bee05fec4c29e5bb0df4c31" size="89674"/>
            <file name="MigrantsArrived17.mp3" sha1="af999c7f0810c4d419ba8a9cec0b544db6acecb9" size="29906"/>
            <file name="MigrantsArrived18.mp3" sha1="d54816bce028afc1294f27d01203fe0b85dc4781" size="101377"/>
            <file name="MigrantsArrived19.mp3" sha1="522fb3eb3b625fb71af6b39d503afdc60fdf5c81" size="349227"/>
            <file name="MigrantsArrived2.mp3" sha1="118ef9e5993cb06057bc6db3b95203f06dec3755" size="29070"/>
            <file name="MigrantsArrived3.mp3" sha1="86e7668f0acec81383b8f7c6093da48d871525f3" size="26562"/>
            <file name="MigrantsArrived4.mp3" sha1="d1cd04b20cff943126261bac273982d15f06653d" size="159473"/>
            <file name="MigrantsArrived5.mp3" sha1="8926c84785492e433d7a1de2cdc64dc543404dc1" size="101795"/>
            <file name="MigrantsArrived6.mp3" sha1="76164601771f6a11181385eff6502aaeeddaa232" size="23637"/>
            <file name="MigrantsArrived7.mp3" sha1="cea61ff01cb4e0287a9d93b88a0b013f77847f10" size="21129"/>
            <file name="MigrantsArrived8.mp3" sha1="09ca2dc0f43915aebe0685df856ccdc0fc6b3167" size="75046"/>
            <file name="MigrantsArrived9.mp3" sha1="dd95a81a62eb1a5f6ad2818f473e79829fe7e50a" size="45371"/>
         </directory>
         <directory name="MigrantsNone">
            <file name="MigrantsNone1.mp3" sha1="df74b6035f7bdf0d463a4d875a55351a1ae02463" size="25727"/>
            <file name="MigrantsNone10.mp3" sha1="df41c78e1bfd1b08478408c5ef4e1f4c3034299a" size="21965"/>
            <file name="MigrantsNone2.mp3" sha1="b69d6d696452d9b9bb5a9acb9e0448669ca9c646" size="31996"/>
            <file name="MigrantsNone3.mp3" sha1="afdbeebf32b1c95282d25bfc9987a5773774417b" size="44117"/>
            <file name="MigrantsNone4.mp3" sha1="9d2fe624e5a08b468e9809ad62328652e47c8353" size="61253"/>
            <file name="MigrantsNone5.mp3" sha1="8665dc3c22297e043f3c65f70bc6a95dda46eb38" size="164071"/>
            <file name="MigrantsNone6.mp3" sha1="a172520cec5242179566753cf20220fe9b330036" size="24891"/>
            <file name="MigrantsNone7.mp3" sha1="b7e0a5451829aeb7686823a5608646d1e718c799" size="28652"/>
            <file name="MigrantsNone8.mp3" sha1="bc1b77552f1ef0ac4b00e0ff73abc6ddb706e84b" size="38265"/>
            <file name="MigrantsNone9.mp3" sha1="bac7b5f7ae4678961786760cd8b9ccd2d0a0957b" size="34086"/>
         </directory>
         <directory name="missing">
            <file name="128551__herbertboland__pianomoodmelancholy6.mp3" sha1="038967c81db350d323385c8d19deaf0ebdb07229" size="171568"/>
            <file name="128556__herbertboland__pianomoodmelancholy1.mp3" sha1="f122d3b8ff2e14dc7e43a608d169af133e2d9223" size="153178"/>
            <file name="128560__herbertboland__pianomoodmelancholy3.mp3" sha1="eea0c3b2000c1cad6635dc6f1e01a68af4fd5569" size="191212"/>
         </directory>
         <directory name="Party">
            <file name="Party1.mp3" sha1="8778960c710a73fdca73147945b3aaa3ee468c3e" size="365109"/>
            <file name="Party2.mp3" sha1="ec04da202f7f8a3a1ee53ddecd38c0b9b9887323" size="426967"/>
            <file name="Party3.mp3" sha1="913af7815d8feb8a754520fb39c067cc2b939c6f" size="365109"/>
            <file name="Party4.mp3" sha1="ac0469d2c2c1e6b5494f931bc327987805cb0ec5" size="365109"/>
         </directory>
         <directory name="promotions">
            <file name="29697__HerbertBoland__PianoMood1.mp3" sha1="7155dba838e3b24d00ee337a2621751d3e72ebb9" size="93072"/>
            <file name="29701__HerbertBoland__PianoMood2.mp3" sha1="4b4dc6eb3ee89662e11aa1fa14d52b0285fcb09f" size="96415"/>
            <file name="29819__HerbertBoland__PianoMood14.mp3" sha1="4cbcf616ee82422cb57713506b130f0dc303213c" size="106864"/>
            <file name="29820__HerbertBoland__PianoMood15.mp3" sha1="1f8990b20ee08089edd43dee47e2bfd61db578fd" size="83458"/>
            <file name="29837__HerbertBoland__PianoMood32.mp3" sha1="b484d3e173081e9b43f90b93715cd01de1dad791" size="180007"/>
            <file name="29839__HerbertBoland__PianoMood34.mp3" sha1="a015e782418ca8d1bb48a33e7e975803ffbc6226" size="162035"/>
         </directory>
         <directory name="votes">
            <file name="atribution.txt" sha1="40731a38e7afce58ef1a5be02bfd5f1c8ac4615e" size="240"/>
            <file name="paper_mix_1.mp3" sha1="3bcae230fcaac0b4ff08d670f04c58f979d95830" size="90452"/>
            <file name="paper_mix_2.mp3" sha1="3205f1bba7075290034cfbf7e29f7322b5ae1423" size="87836"/>
            <file name="paper_mix_3.mp3" sha1="139139572622e718d5c1a8546e58f97b6aa5447f" size="87140"/>
         </directory>
         <file name="missing.xml" sha1="543a38df801cbaab9af1451b3a85cea5cad3322b" size="657"/>
         <file name="social.xml" sha1="d0eedbbf080c1f940b7554cc0e00e1bd4659c73b" size="9430"/>
      </directory>
      <directory name="system">
         <directory name="embark">
            <file name="embark_01.mp3" sha1="96b57adc77d45d48cb540adcb529ed6e21f5cdd3" size="22801"/>
            <file name="embark_02.mp3" sha1="e84cc7dd348d02e37751ab34e7bba2e1ae4a96de" size="67522"/>
            <file name="embark_03.mp3" sha1="398843b8705c05159018470cce83cb57e7f1449e" size="45789"/>
            <file name="embark_04.mp3" sha1="dfe2a62a0a327106b9e2ea10f0dd9e67ae8d517b" size="37847"/>
            <file name="embark_05.mp3" sha1="08ac4268ad0578ff573bfaf79f39503fbf239638" size="156548"/>
            <file name="embark_06.mp3" sha1="a4797e8242988f4d18d01bbbcf17ed0d93300043" size="161563"/>
            <file name="embark_07.mp3" sha1="db681fafe7bf49191a0a997abbd4813093203348" size="251007"/>
            <file name="embark_08.mp3" sha1="2e565ba363f5b85f6746b403f9b970c6403f59e9" size="100123"/>
            <file name="embark_09.mp3" sha1="64f6d2ae7495ca7313ff6160036b0058b359e7d3" size="32832"/>
            <file name="embark_10.mp3" sha1="4900928fd57295f6bef61d5e67157e442f913f16" size="95108"/>
            <file name="embark_11.mp3" sha1="41defbff352c05d6dcf626f63d9b305058ad1036" size="144009"/>
            <file name="embark_12.mp3" sha1="9dea17b8559e78e749769ed11980fafc7afeed01" size="75882"/>
         </directory>
         <file name="Radakan - Moldan Chase over (success).mp3" sha1="cb314402bf45bb787aa572967c09ab26e28d9f09" size="69797"/>
         <file name="system.xml" sha1="6a7021c31720aded3bf378fce8cc4f4c8f80c13d" size="11261"/>
         <file name="worldgen.mp3" sha1="cb67d30029d2a3233be228f278ac579d7ea6a62a" size="5410123"/>
      </directory>
      <directory name="trading">
         <directory name="humans">
            <file name="humans1.mp3" sha1="9bd1a7254809bd43eed1914a68d5ff57334ffefb" size="48688"/>
            <file name="humans2.mp3" sha1="82683129c9a9f423a06b17a046219b9c330c4e98" size="67078"/>
            <file name="humans3.mp3" sha1="10f6c0841661cbf86041992205dcb0d486c38951" size="77945"/>
            <file name="humans4.mp3" sha1="972605177378f07d8fefe2a6fef32ab2f56b08a9" size="103023"/>
            <file name="humans5.mp3" sha1="c39a04e0a4bcb0a5cd509c831d5fb73478ca8338" size="96335"/>
         </directory>
         <directory name="NoTradeDepot">
            <file name="NoTradeDepot1.mp3" sha1="0f388b93143030f4d029b0af51b1341c8a7e3d5e" size="29070"/>
            <file name="NoTradeDepot2.mp3" sha1="c82413319e8138c592577e702ec4c6401b3f1896" size="70448"/>
            <file name="NoTradeDepot3.mp3" sha1="a6ed487a27b7f7d6226286c860ed468844d56f65" size="30742"/>
            <file name="NoTradeDepot4.mp3" sha1="8e42e538ba269220c9bf92d81800b2d819d6881c" size="24891"/>
            <file name="NoTradeDepot5.mp3" sha1="f00a7002de75e00f9595b8fc52a6ff756fd3c1e9" size="39101"/>
         </directory>
         <file name="41491__hanstimm__fiaker.mp3" sha1="b1e5db2581aed539a97e452503a82e7c030363ed" size="605410"/>
         <file name="4248__dobroide__horse.cart_cobbles.mp3" sha1="78af438b80744bc8ea0259cf545f41ccb8809c59" size="132281"/>
         <file name="77524__Superex1110__cart_roll.mp3" sha1="088f46550e03eecb348b0aeaf0de89d3b04ec743" size="156190"/>
         <file name="79575__Razzvio__Sifting_Through_Bolts.mp3" sha1="db295f7a14b81e10843ac15c7a0a1f2814ba085a" size="128566"/>
         <file name="85796__sandyrb__TUBULAR_BELL_STRIKE_002.mp3" sha1="38fb9f242eed92122a79ade3b8937e5e87b19a82" size="113182"/>
         <file name="85803__sandyrb__TUBULAR_BELL_STRIKE_009.mp3" sha1="168c7b5aa5d5f31fd90e688b484c9021f8bf0f90" size="113566"/>
         <file name="92656__bourotte2__DoubleHorseCartGheorghieni.mp3" sha1="481eaf249ad09a70cf73e14c77744a2ffc4d0d63" size="622208"/>
         <file name="trading.xml" sha1="96de3de664a25c79715a882a0949794ce27aed56" size="3933"/>
      </directory>
      <directory name="weather">
         <directory name="goreRain">
            <file name="116730__benboncan__drips-in-mine.mp3" sha1="843e2cc69ecb286417c32aff2798e64b8b3ddcdf" size="4881132"/>
         </directory>
         <directory name="mist">
            <file name="141605__genelythgow__wine-glass-vocorder-6.mp3" sha1="76579bc26d108fe7f34979a623b4ae83825e1f32" size="499248"/>
            <file name="141606__genelythgow__wine-glass-vocorder-7.mp3" sha1="7ff4d3f76143eb76b4c216ff879d333531f1eaab" size="679388"/>
            <file name="141612__genelythgow__wine-glass-vocorder.mp3" sha1="d7f7719da6bc405289b6bfcb2d610ae8866206f7" size="499248"/>
         </directory>
         <directory name="rain">
            <file name="2523__RHumphries__rbh_thunder_storm_part1.mp3" sha1="3c0503ba75ed4984c198cace23adfdea231dfa9b" size="672780"/>
            <file name="2523__RHumphries__rbh_thunder_storm_part2.mp3" sha1="4cc18255ba8c804677c6f6e2f603dabb3428750f" size="675256"/>
            <file name="2523__RHumphries__rbh_thunder_storm_part3.mp3" sha1="8556e3c5453d4f2590d1989fc652702081ebb546" size="557762"/>
            <file name="2523__RHumphries__rbh_thunder_storm_part4.mp3" sha1="5fb7a16e7ffeccf15abe7b4b8e21745c02e18263" size="834869"/>
            <file name="Distant Thunder And Light Rain-SoundBible.com-148277450.mp3" sha1="74cf7880d0dd61c2773ea5103dc2520cc3d5f35b" size="207198"/>
            <file name="Lightning Strike Summer Storm-SoundBible.com-1070450923.mp3" sha1="2cc141ce7446ce88257e2d759456694c0b2fab8e" size="273538"/>
         </directory>
         <directory name="snow">
            <file name="22606__martypinso__DMP013016_HEAVYSNOWSTORM.mp3" sha1="f6c4ed671a4f9c31d3b16a1fe3f2e5508e4ff081" size="3390894"/>
         </directory>
         <file name="weather.xml" sha1="aeff0124ebbbed224e32d3bdf0a450244bda0f88" size="2290"/>
      </directory>
      <file name="autoUpdater.xml" sha1="60e9476ad89cac2c16a79443684a3015a055b933" size="93764"/>
   </directory>
</autoUpdater>
